index,winner_event_id,ticker,period_label,anchor_group,expected_theme,status
0,W001,GME,2020-Jan2021,2020,MEME_SQUEEZE,WINNER_EVENT_TO_PIT_VERIFY
1,W002,RIOT,2020-Feb2021,2020,CRYPTO_REGIME,WINNER_EVENT_TO_PIT_VERIFY
2,W003,MARA,2020-2021,2020,CRYPTO_REGIME,WINNER_EVENT_TO_PIT_VERIFY
3,W004,NVAX,Mar2020-Feb2021,2020-03,BIOTECH,WINNER_EVENT_TO_PIT_VERIFY
4,W005,KOSS,Jan2021,2021,MEME_SQUEEZE,WINNER_EVENT_TO_PIT_VERIFY
5,W006,NIO,2020-Jan2021,2020,THEME_EV,WINNER_EVENT_TO_PIT_VERIFY
6,W007,PLUG,Mar2020-Jan2021,2020-03,THEME_HYDROGEN,WINNER_EVENT_TO_PIT_VERIFY
7,W008,QCOM,1999,1999,FUNDAMENTAL,WINNER_EVENT_TO_PIT_VERIFY
8,W009,WGS,2024,2024,INFLECTION,WINNER_EVENT_TO_PIT_VERIFY
9,W010,NVAX,2020-calendar,2020,BIOTECH,WINNER_EVENT_TO_PIT_VERIFY
10,W011,SNBR,2009,2009,DISTRESSED,WINNER_EVENT_TO_PIT_VERIFY
11,W012,DRUG,2024,2024,BIOTECH,WINNER_EVENT_TO_PIT_VERIFY
12,W013,VNDA,2009,2009,BIOTECH,WINNER_EVENT_TO_PIT_VERIFY
13,W014,BLNK,2020,2020,THEME_EV,WINNER_EVENT_TO_PIT_VERIFY
14,W015,DXLG,2021,2021,DISTRESSED,WINNER_EVENT_TO_PIT_VERIFY
15,W016,ONDS,2020,2020,THEME_DRONE,WINNER_EVENT_TO_PIT_VERIFY
16,W017,AXON,2003,2003,FUNDAMENTAL,WINNER_EVENT_TO_PIT_VERIFY
17,W018,EGHT,2003,2003,FUNDAMENTAL,WINNER_EVENT_TO_PIT_VERIFY
18,W019,KULR,2024,2024,THEME_DEEPTECH,WINNER_EVENT_TO_PIT_VERIFY
19,W020,CAR,2009,2009,DISTRESSED,WINNER_EVENT_TO_PIT_VERIFY
20,W021,QUBT,2024,2024,THEME_QUANTUM,WINNER_EVENT_TO_PIT_VERIFY
21,W022,PDYN,2024,2024,THEME_AI_ROBOTICS,WINNER_EVENT_TO_PIT_VERIFY
22,W023,BEEM,2020,2020,THEME_SOLAR_EV,WINNER_EVENT_TO_PIT_VERIFY
23,W024,RGTI,2024,2024,THEME_QUANTUM,WINNER_EVENT_TO_PIT_VERIFY
24,W025,RIOT,2020-calendar,2020,CRYPTO_REGIME,WINNER_EVENT_TO_PIT_VERIFY
25,W026,RCAT,2024,2024,THEME_DRONE,WINNER_EVENT_TO_PIT_VERIFY
26,W027,PSIX,2024,2024,INFLECTION,WINNER_EVENT_TO_PIT_VERIFY
27,W028,DAN,2009,2009,DISTRESSED,WINNER_EVENT_TO_PIT_VERIFY
28,W029,CRDF,2020,2020,BIOTECH,WINNER_EVENT_TO_PIT_VERIFY
29,W030,PPC,2009,2009,DISTRESSED,WINNER_EVENT_TO_PIT_VERIFY
30,W031,MNPR,2024,2024,BIOTECH,WINNER_EVENT_TO_PIT_VERIFY
31,W032,UAVS,2020,2020,THEME_DRONE,WINNER_EVENT_TO_PIT_VERIFY
32,W033,AMC,2021,2021,MEME_SQUEEZE,WINNER_EVENT_TO_PIT_VERIFY
33,W034,GNPX,2020,2020,BIOTECH,WINNER_EVENT_TO_PIT_VERIFY
34,W035,SEZL,2024,2024,FUNDAMENTAL_INFLECTION,WINNER_EVENT_TO_PIT_VERIFY
35,W036,NIO,2020-calendar,2020,THEME_EV,WINNER_EVENT_TO_PIT_VERIFY
36,W037,FNGR,2020,2020,THEME_SPECULATIVE,WINNER_EVENT_TO_PIT_VERIFY
37,W038,MGPI,2009,2009,DISTRESSED_INFLECTION,WINNER_EVENT_TO_PIT_VERIFY
38,W039,VERI,2020,2020,THEME_AI,WINNER_EVENT_TO_PIT_VERIFY
39,W040,CVNA,2023,2023,DISTRESSED,WINNER_EVENT_TO_PIT_VERIFY
40,W041,AMZN,1998,1998,FUNDAMENTAL,WINNER_EVENT_TO_PIT_VERIFY
41,W042,DAVE,2024,2024,INFLECTION,WINNER_EVENT_TO_PIT_VERIFY
42,W043,PLUG,2020-calendar,2020,THEME_HYDROGEN,WINNER_EVENT_TO_PIT_VERIFY
43,W044,CALM,2003,2003,CYCLICAL,WINNER_EVENT_TO_PIT_VERIFY
44,W045,MITK,2009,2009,FUNDAMENTAL_INFLECTION,WINNER_EVENT_TO_PIT_VERIFY
45,W046,UEC,2009,2009,COMMODITY_REGIME,WINNER_EVENT_TO_PIT_VERIFY
