index,candidate_id,year,ticker,ytd_return_pct_proxy,endpoint_multiple_proxy,proxy_band,sector_proxy,source_family,fm252_verified,s15_3_pit_scored,status
0,C001,1998,SWKS,564.59,6.6459,PROXY_MAJOR_5_7X,Technology,StatMuse Nasdaq 1998,False,False,PROVISIONAL_CANDIDATE_NOT_VALID_CONTROL
1,C002,1998,GTBP,513.27,6.1327,PROXY_MAJOR_5_7X,Healthcare,StatMuse Nasdaq 1998,False,False,PROVISIONAL_CANDIDATE_NOT_VALID_CONTROL
2,C003,1998,PLCE,390.25,4.9025,PROXY_STRONG_3_5X,Consumer Cyclical,StatMuse Nasdaq 1998,False,False,PROVISIONAL_CANDIDATE_NOT_VALID_CONTROL
3,C004,1998,EBAY,350.92,4.5092,PROXY_STRONG_3_5X,Consumer Cyclical,StatMuse Nasdaq 1998,False,False,PROVISIONAL_CANDIDATE_NOT_VALID_CONTROL
4,C005,1998,SIEB,291.18,3.9118,PROXY_STRONG_3_5X,Financial Services,StatMuse Nasdaq 1998,False,False,PROVISIONAL_CANDIDATE_NOT_VALID_CONTROL
5,C006,1998,QRVO,290.52,3.9052,PROXY_STRONG_3_5X,Technology,StatMuse Nasdaq 1998,False,False,PROVISIONAL_CANDIDATE_NOT_VALID_CONTROL
6,C007,1998,ASTE,242.31,3.4231,PROXY_STRONG_3_5X,Industrials,StatMuse Nasdaq 1998,False,False,PROVISIONAL_CANDIDATE_NOT_VALID_CONTROL
7,C008,1998,CLRO,235.14,3.3514,PROXY_STRONG_3_5X,Technology,StatMuse Nasdaq 1998,False,False,PROVISIONAL_CANDIDATE_NOT_VALID_CONTROL
8,C009,1998,CTSH,203.89,3.0389,PROXY_STRONG_3_5X,Technology,StatMuse Nasdaq 1998,False,False,PROVISIONAL_CANDIDATE_NOT_VALID_CONTROL
9,C010,1998,AAPL,200.39,3.0039,PROXY_STRONG_3_5X,Technology,StatMuse Nasdaq 1998,False,False,PROVISIONAL_CANDIDATE_NOT_VALID_CONTROL
10,C011,1999,MLCI,817.86,9.1786,PROXY_NEAR_MISS_7_10X,Financial Services,StatMuse Nasdaq/NYSE 1999,False,False,PROVISIONAL_CANDIDATE_NOT_VALID_CONTROL
11,C012,1999,VIAV,794.63,8.9463,PROXY_NEAR_MISS_7_10X,Technology,StatMuse Nasdaq/NYSE 1999,False,False,PROVISIONAL_CANDIDATE_NOT_VALID_CONTROL
12,C013,1999,INFY,783.28,8.8328,PROXY_NEAR_MISS_7_10X,Technology,StatMuse Nasdaq/NYSE 1999,False,False,PROVISIONAL_CANDIDATE_NOT_VALID_CONTROL
13,C014,1999,NEO,650.0,7.5,PROXY_NEAR_MISS_7_10X,Healthcare,StatMuse Nasdaq/NYSE 1999,False,False,PROVISIONAL_CANDIDATE_NOT_VALID_CONTROL
14,C015,1999,SUZ,634.39,7.3439,PROXY_NEAR_MISS_7_10X,Basic Materials,StatMuse Nasdaq/NYSE 1999,False,False,PROVISIONAL_CANDIDATE_NOT_VALID_CONTROL
15,C016,1999,ACTG,604.39,7.0439,PROXY_NEAR_MISS_7_10X,Industrials,StatMuse Nasdaq/NYSE 1999,False,False,PROVISIONAL_CANDIDATE_NOT_VALID_CONTROL
16,C017,1999,GEG,589.59,6.8959,PROXY_MAJOR_5_7X,Industrials,StatMuse Nasdaq/NYSE 1999,False,False,PROVISIONAL_CANDIDATE_NOT_VALID_CONTROL
17,C018,1999,MSTR,566.68,6.6668,PROXY_MAJOR_5_7X,Technology,StatMuse Nasdaq/NYSE 1999,False,False,PROVISIONAL_CANDIDATE_NOT_VALID_CONTROL
18,C019,1999,ERNA,555.56,6.5556,PROXY_MAJOR_5_7X,Healthcare,StatMuse Nasdaq/NYSE 1999,False,False,PROVISIONAL_CANDIDATE_NOT_VALID_CONTROL
19,C020,1999,SOTK,525.0,6.25,PROXY_MAJOR_5_7X,Industrials,StatMuse Nasdaq/NYSE 1999,False,False,PROVISIONAL_CANDIDATE_NOT_VALID_CONTROL
20,C021,2003,ANIK,836.54,9.3654,PROXY_NEAR_MISS_7_10X,Healthcare,StatMuse Nasdaq 2003,False,False,PROVISIONAL_CANDIDATE_NOT_VALID_CONTROL
21,C022,2003,SPOK,829.53,9.2953,PROXY_NEAR_MISS_7_10X,Communication Services,StatMuse Nasdaq 2003,False,False,PROVISIONAL_CANDIDATE_NOT_VALID_CONTROL
22,C023,2003,CAMT,806.13,9.0613,PROXY_NEAR_MISS_7_10X,Technology,StatMuse Nasdaq 2003,False,False,PROVISIONAL_CANDIDATE_NOT_VALID_CONTROL
23,C024,2003,NEON,685.23,7.8523,PROXY_NEAR_MISS_7_10X,Technology,StatMuse Nasdaq 2003,False,False,PROVISIONAL_CANDIDATE_NOT_VALID_CONTROL
24,C025,2003,RBBN,639.22,7.3922,PROXY_NEAR_MISS_7_10X,Technology,StatMuse Nasdaq 2003,False,False,PROVISIONAL_CANDIDATE_NOT_VALID_CONTROL
25,C026,2003,HYFT,612.5,7.125,PROXY_NEAR_MISS_7_10X,Healthcare,StatMuse Nasdaq 2003,False,False,PROVISIONAL_CANDIDATE_NOT_VALID_CONTROL
26,C027,2003,BCRX,585.0,6.85,PROXY_MAJOR_5_7X,Healthcare,StatMuse Nasdaq 2003,False,False,PROVISIONAL_CANDIDATE_NOT_VALID_CONTROL
27,C028,2003,INSM,575.0,6.75,PROXY_MAJOR_5_7X,Healthcare,StatMuse Nasdaq 2003,False,False,PROVISIONAL_CANDIDATE_NOT_VALID_CONTROL
28,C029,2003,MTEX,568.09,6.6809,PROXY_MAJOR_5_7X,Consumer Defensive,StatMuse Nasdaq 2003,False,False,PROVISIONAL_CANDIDATE_NOT_VALID_CONTROL
29,C030,2003,AIMD,566.67,6.6667,PROXY_MAJOR_5_7X,Healthcare,StatMuse Nasdaq 2003,False,False,PROVISIONAL_CANDIDATE_NOT_VALID_CONTROL
30,C031,2003,PDEX,554.17,6.5417,PROXY_MAJOR_5_7X,Healthcare,StatMuse Nasdaq 2003,False,False,PROVISIONAL_CANDIDATE_NOT_VALID_CONTROL
31,C032,2003,PLUR,550.0,6.5,PROXY_MAJOR_5_7X,Healthcare,StatMuse Nasdaq 2003,False,False,PROVISIONAL_CANDIDATE_NOT_VALID_CONTROL
32,C033,2003,RMTI,523.44,6.2344,PROXY_MAJOR_5_7X,Healthcare,StatMuse Nasdaq 2003,False,False,PROVISIONAL_CANDIDATE_NOT_VALID_CONTROL
33,C034,2003,INSG,517.53,6.1753,PROXY_MAJOR_5_7X,Technology,StatMuse Nasdaq 2003,False,False,PROVISIONAL_CANDIDATE_NOT_VALID_CONTROL
34,C035,2009,ONTO,885.22,9.8522,PROXY_NEAR_MISS_7_10X,Technology,StatMuse 2009,False,False,PROVISIONAL_CANDIDATE_NOT_VALID_CONTROL
35,C036,2009,TGTX,837.5,9.375,PROXY_NEAR_MISS_7_10X,Healthcare,StatMuse 2009,False,False,PROVISIONAL_CANDIDATE_NOT_VALID_CONTROL
36,C037,2009,LEE,726.19,8.2619,PROXY_NEAR_MISS_7_10X,Communication Services,StatMuse 2009,False,False,PROVISIONAL_CANDIDATE_NOT_VALID_CONTROL
37,C038,2009,ASTC,700.0,8.0,PROXY_NEAR_MISS_7_10X,Industrials,StatMuse 2009,False,False,PROVISIONAL_CANDIDATE_NOT_VALID_CONTROL
38,C039,2009,QMCO,691.89,7.9189,PROXY_NEAR_MISS_7_10X,Technology,StatMuse 2009,False,False,PROVISIONAL_CANDIDATE_NOT_VALID_CONTROL
39,C040,2009,CAMT,657.91,7.5791,PROXY_NEAR_MISS_7_10X,Technology,StatMuse 2009,False,False,PROVISIONAL_CANDIDATE_NOT_VALID_CONTROL
40,C041,2009,IBIO,650.0,7.5,PROXY_NEAR_MISS_7_10X,Healthcare,StatMuse 2009,False,False,PROVISIONAL_CANDIDATE_NOT_VALID_CONTROL
41,C042,2009,UONE,639.02,7.3902,PROXY_NEAR_MISS_7_10X,Communication Services,StatMuse 2009,False,False,PROVISIONAL_CANDIDATE_NOT_VALID_CONTROL
42,C043,2009,GPRE,625.35,7.2535,PROXY_NEAR_MISS_7_10X,Energy,StatMuse 2009,False,False,PROVISIONAL_CANDIDATE_NOT_VALID_CONTROL
43,C044,2009,TSEM,592.86,6.9286,PROXY_MAJOR_5_7X,Technology,StatMuse 2009,False,False,PROVISIONAL_CANDIDATE_NOT_VALID_CONTROL
44,C045,2009,ACHV,587.65,6.8765,PROXY_MAJOR_5_7X,Healthcare,StatMuse 2009,False,False,PROVISIONAL_CANDIDATE_NOT_VALID_CONTROL
45,C046,2009,CVGI,551.09,6.5109,PROXY_MAJOR_5_7X,Industrials,StatMuse 2009,False,False,PROVISIONAL_CANDIDATE_NOT_VALID_CONTROL
46,C047,2020,HUSA,775.0,8.75,PROXY_NEAR_MISS_7_10X,Energy,StockTitan 2020,False,False,PROVISIONAL_CANDIDATE_NOT_VALID_CONTROL
47,C048,2020,QS,756.49,8.5649,PROXY_NEAR_MISS_7_10X,Consumer Cyclical,StockTitan 2020,False,False,PROVISIONAL_CANDIDATE_NOT_VALID_CONTROL
48,C049,2020,FVRR,751.97,8.5197,PROXY_NEAR_MISS_7_10X,Communication Services,StockTitan 2020,False,False,PROVISIONAL_CANDIDATE_NOT_VALID_CONTROL
49,C050,2020,ELVA,742.86,8.4286,PROXY_NEAR_MISS_7_10X,Industrials,StockTitan 2020,False,False,PROVISIONAL_CANDIDATE_NOT_VALID_CONTROL
50,C051,2020,TSLA,720.05,8.2005,PROXY_NEAR_MISS_7_10X,Consumer Cyclical,StockTitan 2020,False,False,PROVISIONAL_CANDIDATE_NOT_VALID_CONTROL
51,C052,2020,CLDX,678.67,7.7867,PROXY_NEAR_MISS_7_10X,Healthcare,StockTitan 2020,False,False,PROVISIONAL_CANDIDATE_NOT_VALID_CONTROL
52,C053,2020,APPS,673.73,7.7373,PROXY_NEAR_MISS_7_10X,Technology,StockTitan 2020,False,False,PROVISIONAL_CANDIDATE_NOT_VALID_CONTROL
53,C054,2020,GLSI,629.4,7.294,PROXY_NEAR_MISS_7_10X,Healthcare,StockTitan 2020,False,False,PROVISIONAL_CANDIDATE_NOT_VALID_CONTROL
54,C055,2020,GMRE,611.75,7.1175,PROXY_NEAR_MISS_7_10X,Real Estate,StockTitan 2020,False,False,PROVISIONAL_CANDIDATE_NOT_VALID_CONTROL
55,C056,2020,SLNH,602.99,7.0299,PROXY_NEAR_MISS_7_10X,Financial Services,StockTitan 2020,False,False,PROVISIONAL_CANDIDATE_NOT_VALID_CONTROL
56,C057,2020,BYON,581.39,6.8139,PROXY_MAJOR_5_7X,Consumer Cyclical,StockTitan 2020,False,False,PROVISIONAL_CANDIDATE_NOT_VALID_CONTROL
57,C058,2020,TWST,577.65,6.7765,PROXY_MAJOR_5_7X,Healthcare,StockTitan 2020,False,False,PROVISIONAL_CANDIDATE_NOT_VALID_CONTROL
58,C059,2020,ALTO,570.37,6.7037,PROXY_MAJOR_5_7X,Basic Materials,StockTitan 2020,False,False,PROVISIONAL_CANDIDATE_NOT_VALID_CONTROL
59,C060,2020,LXP,515.66,6.1566,PROXY_MAJOR_5_7X,Real Estate,StockTitan 2020,False,False,PROVISIONAL_CANDIDATE_NOT_VALID_CONTROL
60,C061,2020,JMIA,511.36,6.1136,PROXY_MAJOR_5_7X,Consumer Cyclical,StockTitan 2020,False,False,PROVISIONAL_CANDIDATE_NOT_VALID_CONTROL
61,C062,2020,ENPH,498.06,5.9806,PROXY_MAJOR_5_7X,Technology,StockTitan 2020,False,False,PROVISIONAL_CANDIDATE_NOT_VALID_CONTROL
62,C063,2020,EXPI,488.73,5.8873,PROXY_MAJOR_5_7X,Real Estate,StockTitan 2020,False,False,PROVISIONAL_CANDIDATE_NOT_VALID_CONTROL
63,C064,2020,ALT,487.19,5.8719,PROXY_MAJOR_5_7X,Healthcare,StockTitan 2020,False,False,PROVISIONAL_CANDIDATE_NOT_VALID_CONTROL
64,C065,2020,EU,469.23,5.6923,PROXY_MAJOR_5_7X,Energy,StockTitan 2020,False,False,PROVISIONAL_CANDIDATE_NOT_VALID_CONTROL
65,C066,2020,MTC,457.35,5.5735,PROXY_MAJOR_5_7X,Financial Services,StockTitan 2020,False,False,PROVISIONAL_CANDIDATE_NOT_VALID_CONTROL
66,C067,2020,KOPN,452.27,5.5227,PROXY_MAJOR_5_7X,Technology,StockTitan 2020,False,False,PROVISIONAL_CANDIDATE_NOT_VALID_CONTROL
67,C068,2020,MRNA,443.27,5.4327,PROXY_MAJOR_5_7X,Healthcare,StockTitan 2020,False,False,PROVISIONAL_CANDIDATE_NOT_VALID_CONTROL
68,C069,2020,CLSK,437.96,5.3796,PROXY_MAJOR_5_7X,Financial Services,StockTitan 2020,False,False,PROVISIONAL_CANDIDATE_NOT_VALID_CONTROL
69,C070,2020,LPTH,436.99,5.3699,PROXY_MAJOR_5_7X,Technology,StockTitan 2020,False,False,PROVISIONAL_CANDIDATE_NOT_VALID_CONTROL
70,C071,2020,OMI,424.12,5.2412,PROXY_MAJOR_5_7X,Healthcare,StockTitan 2020,False,False,PROVISIONAL_CANDIDATE_NOT_VALID_CONTROL
71,C072,2020,OCUL,424.05,5.2405,PROXY_MAJOR_5_7X,Healthcare,StockTitan 2020,False,False,PROVISIONAL_CANDIDATE_NOT_VALID_CONTROL
72,C073,2020,DQ,421.64,5.2164,PROXY_MAJOR_5_7X,Technology,StockTitan 2020,False,False,PROVISIONAL_CANDIDATE_NOT_VALID_CONTROL
73,C074,2020,DNLI,411.04,5.1104,PROXY_MAJOR_5_7X,Healthcare,StockTitan 2020,False,False,PROVISIONAL_CANDIDATE_NOT_VALID_CONTROL
74,C075,2020,PTON,410.15,5.1015,PROXY_MAJOR_5_7X,Consumer Cyclical,StockTitan 2020,False,False,PROVISIONAL_CANDIDATE_NOT_VALID_CONTROL
75,C076,2020,ATOM,409.18,5.0918,PROXY_MAJOR_5_7X,Technology,StockTitan 2020,False,False,PROVISIONAL_CANDIDATE_NOT_VALID_CONTROL
76,C077,2020,PACB,402.71,5.0271,PROXY_MAJOR_5_7X,Healthcare,StockTitan 2020,False,False,PROVISIONAL_CANDIDATE_NOT_VALID_CONTROL
77,C078,2020,BITF,397.38,4.9738,PROXY_STRONG_3_5X,Financial Services,StockTitan 2020,False,False,PROVISIONAL_CANDIDATE_NOT_VALID_CONTROL
78,C079,2020,SE,397.13,4.9713,PROXY_STRONG_3_5X,Consumer Cyclical,StockTitan 2020,False,False,PROVISIONAL_CANDIDATE_NOT_VALID_CONTROL
79,C080,2020,ZM,390.86,4.9086,PROXY_STRONG_3_5X,Technology,StockTitan 2020,False,False,PROVISIONAL_CANDIDATE_NOT_VALID_CONTROL
80,C081,2020,RUN,389.11,4.8911,PROXY_STRONG_3_5X,Technology,StockTitan 2020,False,False,PROVISIONAL_CANDIDATE_NOT_VALID_CONTROL
81,C082,2020,TGTX,375.94,4.7594,PROXY_STRONG_3_5X,Healthcare,StockTitan 2020,False,False,PROVISIONAL_CANDIDATE_NOT_VALID_CONTROL
82,C083,2020,BWEN,374.85,4.7485,PROXY_STRONG_3_5X,Industrials,StockTitan 2020,False,False,PROVISIONAL_CANDIDATE_NOT_VALID_CONTROL
83,C084,2020,STKL,359.45,4.5945,PROXY_STRONG_3_5X,Consumer Defensive,StockTitan 2020,False,False,PROVISIONAL_CANDIDATE_NOT_VALID_CONTROL
84,C085,2020,NET,346.21,4.4621,PROXY_STRONG_3_5X,Technology,StockTitan 2020,False,False,PROVISIONAL_CANDIDATE_NOT_VALID_CONTROL
85,C086,2020,CRNC,342.64,4.4264,PROXY_STRONG_3_5X,Technology,StockTitan 2020,False,False,PROVISIONAL_CANDIDATE_NOT_VALID_CONTROL
86,C087,2021,AEHR,899.17,9.9917,PROXY_NEAR_MISS_7_10X,Technology,StockTitan 2021,False,False,PROVISIONAL_CANDIDATE_NOT_VALID_CONTROL
87,C088,2021,EP,814.55,9.1455,PROXY_NEAR_MISS_7_10X,Energy,StockTitan 2021,False,False,PROVISIONAL_CANDIDATE_NOT_VALID_CONTROL
88,C089,2021,PECO,536.23,6.3623,PROXY_MAJOR_5_7X,Real Estate,StockTitan 2021,False,False,PROVISIONAL_CANDIDATE_NOT_VALID_CONTROL
89,C090,2021,FI,535.97,6.3597,PROXY_MAJOR_5_7X,Technology,StockTitan 2021,False,False,PROVISIONAL_CANDIDATE_NOT_VALID_CONTROL
90,C091,2021,SAVA,516.36,6.1636,PROXY_MAJOR_5_7X,Healthcare,StockTitan 2021,False,False,PROVISIONAL_CANDIDATE_NOT_VALID_CONTROL
91,C092,2021,SANG,513.09,6.1309,PROXY_MAJOR_5_7X,Technology,StockTitan 2021,False,False,PROVISIONAL_CANDIDATE_NOT_VALID_CONTROL
92,C093,2021,OBE,488.57,5.8857,PROXY_MAJOR_5_7X,Energy,StockTitan 2021,False,False,PROVISIONAL_CANDIDATE_NOT_VALID_CONTROL
93,C094,2021,CAR,485.13,5.8513,PROXY_MAJOR_5_7X,Industrials,StockTitan 2021,False,False,PROVISIONAL_CANDIDATE_NOT_VALID_CONTROL
94,C095,2021,JILL,454.34,5.5434,PROXY_MAJOR_5_7X,Consumer Cyclical,StockTitan 2021,False,False,PROVISIONAL_CANDIDATE_NOT_VALID_CONTROL
95,C096,2021,BTE,442.15,5.4215,PROXY_MAJOR_5_7X,Energy,StockTitan 2021,False,False,PROVISIONAL_CANDIDATE_NOT_VALID_CONTROL
96,C097,2021,AMCR,427.68,5.2768,PROXY_MAJOR_5_7X,Consumer Cyclical,StockTitan 2021,False,False,PROVISIONAL_CANDIDATE_NOT_VALID_CONTROL
97,C098,2021,DJT,417.4,5.174,PROXY_MAJOR_5_7X,Communication Services,StockTitan 2021,False,False,PROVISIONAL_CANDIDATE_NOT_VALID_CONTROL
98,C099,2021,ZIM,411.83,5.1183,PROXY_MAJOR_5_7X,Industrials,StockTitan 2021,False,False,PROVISIONAL_CANDIDATE_NOT_VALID_CONTROL
99,C100,2021,SMID,405.45,5.0545,PROXY_MAJOR_5_7X,Basic Materials,StockTitan 2021,False,False,PROVISIONAL_CANDIDATE_NOT_VALID_CONTROL
100,C101,2021,AMR,383.37,4.8337,PROXY_STRONG_3_5X,Basic Materials,StockTitan 2021,False,False,PROVISIONAL_CANDIDATE_NOT_VALID_CONTROL
101,C102,2021,WFRD,369.83,4.6983,PROXY_STRONG_3_5X,Energy,StockTitan 2021,False,False,PROVISIONAL_CANDIDATE_NOT_VALID_CONTROL
102,C103,2021,SM,363.52,4.6352,PROXY_STRONG_3_5X,Energy,StockTitan 2021,False,False,PROVISIONAL_CANDIDATE_NOT_VALID_CONTROL
103,C104,2021,METC,357.92,4.5792,PROXY_STRONG_3_5X,Basic Materials,StockTitan 2021,False,False,PROVISIONAL_CANDIDATE_NOT_VALID_CONTROL
104,C105,2021,ESEA,356.23,4.5623,PROXY_STRONG_3_5X,Industrials,StockTitan 2021,False,False,PROVISIONAL_CANDIDATE_NOT_VALID_CONTROL
105,C106,2021,KRUS,348.86,4.4886,PROXY_STRONG_3_5X,Consumer Cyclical,StockTitan 2021,False,False,PROVISIONAL_CANDIDATE_NOT_VALID_CONTROL
106,C107,2023,ENLT,876.53,9.7653,PROXY_NEAR_MISS_7_10X,Utilities,StockTitan 2023,False,False,PROVISIONAL_CANDIDATE_NOT_VALID_CONTROL
107,C108,2023,ACIC,846.0,9.46,PROXY_NEAR_MISS_7_10X,Financial Services,StockTitan 2023,False,False,PROVISIONAL_CANDIDATE_NOT_VALID_CONTROL
108,C109,2023,NPCE,615.97,7.1597,PROXY_NEAR_MISS_7_10X,Healthcare,StockTitan 2023,False,False,PROVISIONAL_CANDIDATE_NOT_VALID_CONTROL
109,C110,2023,MARA,590.88,6.9088,PROXY_MAJOR_5_7X,Financial Services,StockTitan 2023,False,False,PROVISIONAL_CANDIDATE_NOT_VALID_CONTROL
110,C111,2023,BITF,581.98,6.8198,PROXY_MAJOR_5_7X,Financial Services,StockTitan 2023,False,False,PROVISIONAL_CANDIDATE_NOT_VALID_CONTROL
111,C112,2023,BTBT,552.78,6.5278,PROXY_MAJOR_5_7X,Financial Services,StockTitan 2023,False,False,PROVISIONAL_CANDIDATE_NOT_VALID_CONTROL
112,C113,2023,CIFR,545.62,6.4562,PROXY_MAJOR_5_7X,Technology,StockTitan 2023,False,False,PROVISIONAL_CANDIDATE_NOT_VALID_CONTROL
113,C114,2023,EYPT,533.15,6.3315,PROXY_MAJOR_5_7X,Healthcare,StockTitan 2023,False,False,PROVISIONAL_CANDIDATE_NOT_VALID_CONTROL
114,C115,2023,QXO,521.05,6.2105,PROXY_MAJOR_5_7X,Industrials,StockTitan 2023,False,False,PROVISIONAL_CANDIDATE_NOT_VALID_CONTROL
115,C116,2023,IREN,500.84,6.0084,PROXY_MAJOR_5_7X,Financial Services,StockTitan 2023,False,False,PROVISIONAL_CANDIDATE_NOT_VALID_CONTROL
116,C117,2023,DHC,468.82,5.6882,PROXY_MAJOR_5_7X,Real Estate,StockTitan 2023,False,False,PROVISIONAL_CANDIDATE_NOT_VALID_CONTROL
117,C118,2023,BBIO,463.04,5.6304,PROXY_MAJOR_5_7X,Healthcare,StockTitan 2023,False,False,PROVISIONAL_CANDIDATE_NOT_VALID_CONTROL
118,C119,2023,CLSK,448.76,5.4876,PROXY_MAJOR_5_7X,Financial Services,StockTitan 2023,False,False,PROVISIONAL_CANDIDATE_NOT_VALID_CONTROL
119,C120,2023,MLTX,447.76,5.4776,PROXY_MAJOR_5_7X,Healthcare,StockTitan 2023,False,False,PROVISIONAL_CANDIDATE_NOT_VALID_CONTROL
120,C121,2023,TRML,440.72,5.4072,PROXY_MAJOR_5_7X,Healthcare,StockTitan 2023,False,False,PROVISIONAL_CANDIDATE_NOT_VALID_CONTROL
121,C122,2023,AFRM,440.0,5.4,PROXY_MAJOR_5_7X,Financial Services,StockTitan 2023,False,False,PROVISIONAL_CANDIDATE_NOT_VALID_CONTROL
122,C123,2024,AENT,874.19,9.7419,PROXY_NEAR_MISS_7_10X,Communication Services,StockTitan 2024 / StatMuse IONQ,False,False,PROVISIONAL_CANDIDATE_NOT_VALID_CONTROL
123,C124,2024,SOUN,853.85,9.5385,PROXY_NEAR_MISS_7_10X,Technology,StockTitan 2024 / StatMuse IONQ,False,False,PROVISIONAL_CANDIDATE_NOT_VALID_CONTROL
124,C125,2024,MESO,816.67,9.1667,PROXY_NEAR_MISS_7_10X,Healthcare,StockTitan 2024 / StatMuse IONQ,False,False,PROVISIONAL_CANDIDATE_NOT_VALID_CONTROL
125,C126,2024,APP,735.04,8.3504,PROXY_NEAR_MISS_7_10X,Communication Services,StockTitan 2024 / StatMuse IONQ,False,False,PROVISIONAL_CANDIDATE_NOT_VALID_CONTROL
126,C127,2024,QMCO,695.98,7.9598,PROXY_NEAR_MISS_7_10X,Technology,StockTitan 2024 / StatMuse IONQ,False,False,PROVISIONAL_CANDIDATE_NOT_VALID_CONTROL
127,C128,2024,LUNR,669.49,7.6949,PROXY_NEAR_MISS_7_10X,Industrials,StockTitan 2024 / StatMuse IONQ,False,False,PROVISIONAL_CANDIDATE_NOT_VALID_CONTROL
128,C129,2024,ALTS,662.3,7.623,PROXY_NEAR_MISS_7_10X,Technology,StockTitan 2024 / StatMuse IONQ,False,False,PROVISIONAL_CANDIDATE_NOT_VALID_CONTROL
129,C130,2024,KINS,655.72,7.5572,PROXY_NEAR_MISS_7_10X,Financial Services,StockTitan 2024 / StatMuse IONQ,False,False,PROVISIONAL_CANDIDATE_NOT_VALID_CONTROL
130,C131,2024,UAMY,602.66,7.0266,PROXY_NEAR_MISS_7_10X,Basic Materials,StockTitan 2024 / StatMuse IONQ,False,False,PROVISIONAL_CANDIDATE_NOT_VALID_CONTROL
131,C132,2024,WLFC,332.94,4.3294,PROXY_STRONG_3_5X,Industrials,StockTitan 2024 / StatMuse IONQ,False,False,PROVISIONAL_CANDIDATE_NOT_VALID_CONTROL
132,C133,2024,MSTR,322.71,4.2271,PROXY_STRONG_3_5X,Technology,StockTitan 2024 / StatMuse IONQ,False,False,PROVISIONAL_CANDIDATE_NOT_VALID_CONTROL
133,C134,2024,CVNA,316.12,4.1612,PROXY_STRONG_3_5X,Consumer Cyclical,StockTitan 2024 / StatMuse IONQ,False,False,PROVISIONAL_CANDIDATE_NOT_VALID_CONTROL
134,C135,2024,CORZ,308.43,4.0843,PROXY_STRONG_3_5X,Technology,StockTitan 2024 / StatMuse IONQ,False,False,PROVISIONAL_CANDIDATE_NOT_VALID_CONTROL
135,C136,2024,ARQT,306.12,4.0612,PROXY_STRONG_3_5X,Healthcare,StockTitan 2024 / StatMuse IONQ,False,False,PROVISIONAL_CANDIDATE_NOT_VALID_CONTROL
136,C137,2024,BNTC,286.01,3.8601,PROXY_STRONG_3_5X,Healthcare,StockTitan 2024 / StatMuse IONQ,False,False,PROVISIONAL_CANDIDATE_NOT_VALID_CONTROL
137,C138,2024,SUPV,283.5,3.835,PROXY_STRONG_3_5X,Financial Services,StockTitan 2024 / StatMuse IONQ,False,False,PROVISIONAL_CANDIDATE_NOT_VALID_CONTROL
138,C139,2024,ADMA,276.92,3.7692,PROXY_STRONG_3_5X,Healthcare,StockTitan 2024 / StatMuse IONQ,False,False,PROVISIONAL_CANDIDATE_NOT_VALID_CONTROL
139,C140,2024,EBS,269.11,3.6911,PROXY_STRONG_3_5X,Healthcare,StockTitan 2024 / StatMuse IONQ,False,False,PROVISIONAL_CANDIDATE_NOT_VALID_CONTROL
140,C141,2024,PRAX,268.23,3.6823,PROXY_STRONG_3_5X,Healthcare,StockTitan 2024 / StatMuse IONQ,False,False,PROVISIONAL_CANDIDATE_NOT_VALID_CONTROL
141,C142,2024,IONQ,228.0,3.28,PROXY_STRONG_3_5X,Technology,StockTitan 2024 / StatMuse IONQ,False,False,PROVISIONAL_CANDIDATE_NOT_VALID_CONTROL
142,C143,2020,DKNG,335.96,4.3596,PROXY_STRONG_3_5X,Consumer Cyclical,StockTitan 2020,False,False,PROVISIONAL_CANDIDATE_NOT_VALID_CONTROL
143,C144,2020,BEAM,335.41,4.3541,PROXY_STRONG_3_5X,Healthcare,StockTitan 2020,False,False,PROVISIONAL_CANDIDATE_NOT_VALID_CONTROL
144,C145,2020,VNET,354.06,4.5406,PROXY_STRONG_3_5X,Technology,StockTitan 2020,False,False,PROVISIONAL_CANDIDATE_NOT_VALID_CONTROL
145,C146,2020,CBAT,343.86,4.4386,PROXY_STRONG_3_5X,Industrials,StockTitan 2020,False,False,PROVISIONAL_CANDIDATE_NOT_VALID_CONTROL
146,C147,2021,BBW,345.66,4.4566,PROXY_STRONG_3_5X,Consumer Cyclical,StockTitan 2021,False,False,PROVISIONAL_CANDIDATE_NOT_VALID_CONTROL
147,C148,2021,LXU,337.95,4.3795,PROXY_STRONG_3_5X,Basic Materials,StockTitan 2021,False,False,PROVISIONAL_CANDIDATE_NOT_VALID_CONTROL
148,C149,2021,STGW,264.29,3.6429,PROXY_STRONG_3_5X,Communication Services,StockTitan 2021,False,False,PROVISIONAL_CANDIDATE_NOT_VALID_CONTROL
149,C150,2021,CUBI,260.36,3.6036,PROXY_STRONG_3_5X,Financial Services,StockTitan 2021,False,False,PROVISIONAL_CANDIDATE_NOT_VALID_CONTROL
