event_id,ticker,event_period,route,approx_multiple,measurement_type,control_pool
1,AQXP,2015-08,BIO_CATALYST,31.1,INTRAWEEK_HIGH,SECONDARY
2,KBIO,2015-11,SHORT_SQUEEZE,11.0,INTRADAY_HIGH,SECONDARY
3,DRYS,2016-11,SHORT_SQUEEZE,16.0,CLOSE,SECONDARY
4,LFIN,2017-12,CORPORATE_PIVOT,26.5,INTRAWEEK_HIGH,SECONDARY
5,PHUN,2019-01,LOW_FLOAT_MOMENTUM,39.0,INTRAWEEK_HIGH,SECONDARY
6,BPTH,2019-03,BIO_CATALYST,16.0,INTRAWEEK_HIGH,SECONDARY
7,UONE,2020-06,MEME_SOCIAL,28.4,INTRAWEEK_HIGH,SECONDARY
8,SPI,2020-09,CORPORATE_PIVOT,44.0,INTRAWEEK_HIGH,SECONDARY
9,KODK,2020-07,CORPORATE_CATALYST,28.6,INTRAWEEK_HIGH,SECONDARY
10,GME,2021-01,MEME_SQUEEZE,11.4,INTRAWEEK_HIGH,SECONDARY
11,KOSS,2021-01,MEME_LOW_FLOAT,34.9,INTRAWEEK_HIGH,SECONDARY
12,GBR,2021-01,MEME_SQUEEZE,10.59,INTRADAY_HIGH,SECONDARY
13,LGVN,2021-11,BIO_SQUEEZE,14.1,INTRAWEEK_HIGH,SECONDARY
14,DWAC,2021-10,SPAC_CATALYST,17.6,INTRAWEEK_HIGH,SECONDARY
15,AMAM,2022-12,BIO_CATALYST,11.07,INTRADAY_HIGH,SECONDARY
16,HKD,2022-07,IPO_LOW_FLOAT,12.6,IPO_TO_HIGH,IPO
17,MEGL,2022-08,IPO_MANIA,20.0,IPO_TO_HIGH,IPO
18,ATXG,2022-08,IPO_UPLISTING,131.0,IPO_TO_HIGH,IPO
19,LUNR,2023-02,DESPAC_LOW_FLOAT,10.7,INTRAWEEK_HIGH,SECONDARY
20,UCAR,2023-04,IPO_MANIA,12.5,IPO_TO_HIGH,IPO
21,CXAI,2023-04,DESPAC_AI,57.0,INTRAWEEK_HIGH,SECONDARY
22,TOP,2023-04,LOW_FLOAT_MOMENTUM,11.0,INTRADAY_HIGH,SECONDARY
23,TPST,2023-10,BIO_CATALYST,41.0,INTRADAY_HIGH,SECONDARY
24,VVOS,2023-11,FDA_CATALYST,11.0,INTRADAY_HIGH,SECONDARY
25,HOLO,2024-02,LOW_FLOAT_MOMENTUM,11.9,INTRAWEEK_HIGH,SECONDARY
26,FFIE,2024-05,MEME_SQUEEZE,66.0,INTRAWEEK_HIGH,SECONDARY
27,NUKK,2024-12,ACQUISITION_CATALYST,56.0,INTRAWEEK_HIGH,SECONDARY
28,SBET,2025-05,CRYPTO_TREASURY,11.8,INTRAWEEK_HIGH,SECONDARY
29,QMMM,2025-09,CRYPTO_TREASURY,26.9,INTRAWEEK_HIGH,SECONDARY
30,OCTO,2025-09,CRYPTO_TREASURY,57.3,INTRAWEEK_HIGH,SECONDARY
31,BYND,2025-10,MEME_SQUEEZE,15.8,INTRAWEEK_HIGH,SECONDARY
