scenario,route,v02_armed,v02_ignition,v02_status,v03_armed,v03_ignition,v03_status
low-float-no-catalyst,,55.5625,37.4408,WATCH,49.0000,32.0284,DORMANT
high-si-no-volume,,58.2875,30.8687,WATCH,48.7855,25.3405,DORMANT
social-meme-no-squeeze,,49.5025,48.3250,DORMANT,49.0000,51.5981,DORMANT
rvol-no-continuation,,50.0400,55.3004,WATCH,49.0000,58.8134,DORMANT
biotech-calendar-no-result,,36.8925,39.4333,DORMANT,38.9495,35.5670,DORMANT
crypto-sympathy-no-filing,,46.0975,46.7998,DORMANT,49.0000,51.3579,DORMANT
post-gap-exhausted,,59.8800,74.6798,WATCH,59.0000,69.0000,WATCH
reverse-split-trap,,55.6825,54.3830,WATCH,49.0000,52.9624,DORMANT
dilution-overhang,,58.3200,59.7603,WATCH,49.0000,59.9414,DORMANT
ipo-first-day-noise,IPO,52.5350,67.4240,WATCH,64.8728,72.0400,ARMED
dead-cat-bounce,,53.0125,50.5194,WATCH,49.0000,52.7027,DORMANT
theme-runner-no-catalyst,,47.5200,46.2741,DORMANT,49.0000,49.6484,DORMANT
