positive_event_id,positive_ticker,control_rank,status,control_security_id,control_ticker,as_of_date,distance
1,AQXP,1,PENDING_PIT_MATCH,,,,
1,AQXP,2,PENDING_PIT_MATCH,,,,
1,AQXP,3,PENDING_PIT_MATCH,,,,
1,AQXP,4,PENDING_PIT_MATCH,,,,
1,AQXP,5,PENDING_PIT_MATCH,,,,
1,AQXP,6,PENDING_PIT_MATCH,,,,
1,AQXP,7,PENDING_PIT_MATCH,,,,
1,AQXP,8,PENDING_PIT_MATCH,,,,
1,AQXP,9,PENDING_PIT_MATCH,,,,
1,AQXP,10,PENDING_PIT_MATCH,,,,
1,AQXP,11,PENDING_PIT_MATCH,,,,
1,AQXP,12,PENDING_PIT_MATCH,,,,
1,AQXP,13,PENDING_PIT_MATCH,,,,
1,AQXP,14,PENDING_PIT_MATCH,,,,
1,AQXP,15,PENDING_PIT_MATCH,,,,
1,AQXP,16,PENDING_PIT_MATCH,,,,
1,AQXP,17,PENDING_PIT_MATCH,,,,
1,AQXP,18,PENDING_PIT_MATCH,,,,
1,AQXP,19,PENDING_PIT_MATCH,,,,
1,AQXP,20,PENDING_PIT_MATCH,,,,
1,AQXP,21,PENDING_PIT_MATCH,,,,
1,AQXP,22,PENDING_PIT_MATCH,,,,
1,AQXP,23,PENDING_PIT_MATCH,,,,
1,AQXP,24,PENDING_PIT_MATCH,,,,
1,AQXP,25,PENDING_PIT_MATCH,,,,
1,AQXP,26,PENDING_PIT_MATCH,,,,
1,AQXP,27,PENDING_PIT_MATCH,,,,
1,AQXP,28,PENDING_PIT_MATCH,,,,
1,AQXP,29,PENDING_PIT_MATCH,,,,
1,AQXP,30,PENDING_PIT_MATCH,,,,
1,AQXP,31,PENDING_PIT_MATCH,,,,
1,AQXP,32,PENDING_PIT_MATCH,,,,
1,AQXP,33,PENDING_PIT_MATCH,,,,
1,AQXP,34,PENDING_PIT_MATCH,,,,
1,AQXP,35,PENDING_PIT_MATCH,,,,
1,AQXP,36,PENDING_PIT_MATCH,,,,
1,AQXP,37,PENDING_PIT_MATCH,,,,
1,AQXP,38,PENDING_PIT_MATCH,,,,
1,AQXP,39,PENDING_PIT_MATCH,,,,
1,AQXP,40,PENDING_PIT_MATCH,,,,
1,AQXP,41,PENDING_PIT_MATCH,,,,
1,AQXP,42,PENDING_PIT_MATCH,,,,
1,AQXP,43,PENDING_PIT_MATCH,,,,
1,AQXP,44,PENDING_PIT_MATCH,,,,
1,AQXP,45,PENDING_PIT_MATCH,,,,
1,AQXP,46,PENDING_PIT_MATCH,,,,
1,AQXP,47,PENDING_PIT_MATCH,,,,
1,AQXP,48,PENDING_PIT_MATCH,,,,
1,AQXP,49,PENDING_PIT_MATCH,,,,
1,AQXP,50,PENDING_PIT_MATCH,,,,
2,KBIO,1,PENDING_PIT_MATCH,,,,
2,KBIO,2,PENDING_PIT_MATCH,,,,
2,KBIO,3,PENDING_PIT_MATCH,,,,
2,KBIO,4,PENDING_PIT_MATCH,,,,
2,KBIO,5,PENDING_PIT_MATCH,,,,
2,KBIO,6,PENDING_PIT_MATCH,,,,
2,KBIO,7,PENDING_PIT_MATCH,,,,
2,KBIO,8,PENDING_PIT_MATCH,,,,
2,KBIO,9,PENDING_PIT_MATCH,,,,
2,KBIO,10,PENDING_PIT_MATCH,,,,
2,KBIO,11,PENDING_PIT_MATCH,,,,
2,KBIO,12,PENDING_PIT_MATCH,,,,
2,KBIO,13,PENDING_PIT_MATCH,,,,
2,KBIO,14,PENDING_PIT_MATCH,,,,
2,KBIO,15,PENDING_PIT_MATCH,,,,
2,KBIO,16,PENDING_PIT_MATCH,,,,
2,KBIO,17,PENDING_PIT_MATCH,,,,
2,KBIO,18,PENDING_PIT_MATCH,,,,
2,KBIO,19,PENDING_PIT_MATCH,,,,
2,KBIO,20,PENDING_PIT_MATCH,,,,
2,KBIO,21,PENDING_PIT_MATCH,,,,
2,KBIO,22,PENDING_PIT_MATCH,,,,
2,KBIO,23,PENDING_PIT_MATCH,,,,
2,KBIO,24,PENDING_PIT_MATCH,,,,
2,KBIO,25,PENDING_PIT_MATCH,,,,
2,KBIO,26,PENDING_PIT_MATCH,,,,
2,KBIO,27,PENDING_PIT_MATCH,,,,
2,KBIO,28,PENDING_PIT_MATCH,,,,
2,KBIO,29,PENDING_PIT_MATCH,,,,
2,KBIO,30,PENDING_PIT_MATCH,,,,
2,KBIO,31,PENDING_PIT_MATCH,,,,
2,KBIO,32,PENDING_PIT_MATCH,,,,
2,KBIO,33,PENDING_PIT_MATCH,,,,
2,KBIO,34,PENDING_PIT_MATCH,,,,
2,KBIO,35,PENDING_PIT_MATCH,,,,
2,KBIO,36,PENDING_PIT_MATCH,,,,
2,KBIO,37,PENDING_PIT_MATCH,,,,
2,KBIO,38,PENDING_PIT_MATCH,,,,
2,KBIO,39,PENDING_PIT_MATCH,,,,
2,KBIO,40,PENDING_PIT_MATCH,,,,
2,KBIO,41,PENDING_PIT_MATCH,,,,
2,KBIO,42,PENDING_PIT_MATCH,,,,
2,KBIO,43,PENDING_PIT_MATCH,,,,
2,KBIO,44,PENDING_PIT_MATCH,,,,
2,KBIO,45,PENDING_PIT_MATCH,,,,
2,KBIO,46,PENDING_PIT_MATCH,,,,
2,KBIO,47,PENDING_PIT_MATCH,,,,
2,KBIO,48,PENDING_PIT_MATCH,,,,
2,KBIO,49,PENDING_PIT_MATCH,,,,
2,KBIO,50,PENDING_PIT_MATCH,,,,
3,DRYS,1,PENDING_PIT_MATCH,,,,
3,DRYS,2,PENDING_PIT_MATCH,,,,
3,DRYS,3,PENDING_PIT_MATCH,,,,
3,DRYS,4,PENDING_PIT_MATCH,,,,
3,DRYS,5,PENDING_PIT_MATCH,,,,
3,DRYS,6,PENDING_PIT_MATCH,,,,
3,DRYS,7,PENDING_PIT_MATCH,,,,
3,DRYS,8,PENDING_PIT_MATCH,,,,
3,DRYS,9,PENDING_PIT_MATCH,,,,
3,DRYS,10,PENDING_PIT_MATCH,,,,
3,DRYS,11,PENDING_PIT_MATCH,,,,
3,DRYS,12,PENDING_PIT_MATCH,,,,
3,DRYS,13,PENDING_PIT_MATCH,,,,
3,DRYS,14,PENDING_PIT_MATCH,,,,
3,DRYS,15,PENDING_PIT_MATCH,,,,
3,DRYS,16,PENDING_PIT_MATCH,,,,
3,DRYS,17,PENDING_PIT_MATCH,,,,
3,DRYS,18,PENDING_PIT_MATCH,,,,
3,DRYS,19,PENDING_PIT_MATCH,,,,
3,DRYS,20,PENDING_PIT_MATCH,,,,
3,DRYS,21,PENDING_PIT_MATCH,,,,
3,DRYS,22,PENDING_PIT_MATCH,,,,
3,DRYS,23,PENDING_PIT_MATCH,,,,
3,DRYS,24,PENDING_PIT_MATCH,,,,
3,DRYS,25,PENDING_PIT_MATCH,,,,
3,DRYS,26,PENDING_PIT_MATCH,,,,
3,DRYS,27,PENDING_PIT_MATCH,,,,
3,DRYS,28,PENDING_PIT_MATCH,,,,
3,DRYS,29,PENDING_PIT_MATCH,,,,
3,DRYS,30,PENDING_PIT_MATCH,,,,
3,DRYS,31,PENDING_PIT_MATCH,,,,
3,DRYS,32,PENDING_PIT_MATCH,,,,
3,DRYS,33,PENDING_PIT_MATCH,,,,
3,DRYS,34,PENDING_PIT_MATCH,,,,
3,DRYS,35,PENDING_PIT_MATCH,,,,
3,DRYS,36,PENDING_PIT_MATCH,,,,
3,DRYS,37,PENDING_PIT_MATCH,,,,
3,DRYS,38,PENDING_PIT_MATCH,,,,
3,DRYS,39,PENDING_PIT_MATCH,,,,
3,DRYS,40,PENDING_PIT_MATCH,,,,
3,DRYS,41,PENDING_PIT_MATCH,,,,
3,DRYS,42,PENDING_PIT_MATCH,,,,
3,DRYS,43,PENDING_PIT_MATCH,,,,
3,DRYS,44,PENDING_PIT_MATCH,,,,
3,DRYS,45,PENDING_PIT_MATCH,,,,
3,DRYS,46,PENDING_PIT_MATCH,,,,
3,DRYS,47,PENDING_PIT_MATCH,,,,
3,DRYS,48,PENDING_PIT_MATCH,,,,
3,DRYS,49,PENDING_PIT_MATCH,,,,
3,DRYS,50,PENDING_PIT_MATCH,,,,
4,LFIN,1,PENDING_PIT_MATCH,,,,
4,LFIN,2,PENDING_PIT_MATCH,,,,
4,LFIN,3,PENDING_PIT_MATCH,,,,
4,LFIN,4,PENDING_PIT_MATCH,,,,
4,LFIN,5,PENDING_PIT_MATCH,,,,
4,LFIN,6,PENDING_PIT_MATCH,,,,
4,LFIN,7,PENDING_PIT_MATCH,,,,
4,LFIN,8,PENDING_PIT_MATCH,,,,
4,LFIN,9,PENDING_PIT_MATCH,,,,
4,LFIN,10,PENDING_PIT_MATCH,,,,
4,LFIN,11,PENDING_PIT_MATCH,,,,
4,LFIN,12,PENDING_PIT_MATCH,,,,
4,LFIN,13,PENDING_PIT_MATCH,,,,
4,LFIN,14,PENDING_PIT_MATCH,,,,
4,LFIN,15,PENDING_PIT_MATCH,,,,
4,LFIN,16,PENDING_PIT_MATCH,,,,
4,LFIN,17,PENDING_PIT_MATCH,,,,
4,LFIN,18,PENDING_PIT_MATCH,,,,
4,LFIN,19,PENDING_PIT_MATCH,,,,
4,LFIN,20,PENDING_PIT_MATCH,,,,
4,LFIN,21,PENDING_PIT_MATCH,,,,
4,LFIN,22,PENDING_PIT_MATCH,,,,
4,LFIN,23,PENDING_PIT_MATCH,,,,
4,LFIN,24,PENDING_PIT_MATCH,,,,
4,LFIN,25,PENDING_PIT_MATCH,,,,
4,LFIN,26,PENDING_PIT_MATCH,,,,
4,LFIN,27,PENDING_PIT_MATCH,,,,
4,LFIN,28,PENDING_PIT_MATCH,,,,
4,LFIN,29,PENDING_PIT_MATCH,,,,
4,LFIN,30,PENDING_PIT_MATCH,,,,
4,LFIN,31,PENDING_PIT_MATCH,,,,
4,LFIN,32,PENDING_PIT_MATCH,,,,
4,LFIN,33,PENDING_PIT_MATCH,,,,
4,LFIN,34,PENDING_PIT_MATCH,,,,
4,LFIN,35,PENDING_PIT_MATCH,,,,
4,LFIN,36,PENDING_PIT_MATCH,,,,
4,LFIN,37,PENDING_PIT_MATCH,,,,
4,LFIN,38,PENDING_PIT_MATCH,,,,
4,LFIN,39,PENDING_PIT_MATCH,,,,
4,LFIN,40,PENDING_PIT_MATCH,,,,
4,LFIN,41,PENDING_PIT_MATCH,,,,
4,LFIN,42,PENDING_PIT_MATCH,,,,
4,LFIN,43,PENDING_PIT_MATCH,,,,
4,LFIN,44,PENDING_PIT_MATCH,,,,
4,LFIN,45,PENDING_PIT_MATCH,,,,
4,LFIN,46,PENDING_PIT_MATCH,,,,
4,LFIN,47,PENDING_PIT_MATCH,,,,
4,LFIN,48,PENDING_PIT_MATCH,,,,
4,LFIN,49,PENDING_PIT_MATCH,,,,
4,LFIN,50,PENDING_PIT_MATCH,,,,
5,PHUN,1,PENDING_PIT_MATCH,,,,
5,PHUN,2,PENDING_PIT_MATCH,,,,
5,PHUN,3,PENDING_PIT_MATCH,,,,
5,PHUN,4,PENDING_PIT_MATCH,,,,
5,PHUN,5,PENDING_PIT_MATCH,,,,
5,PHUN,6,PENDING_PIT_MATCH,,,,
5,PHUN,7,PENDING_PIT_MATCH,,,,
5,PHUN,8,PENDING_PIT_MATCH,,,,
5,PHUN,9,PENDING_PIT_MATCH,,,,
5,PHUN,10,PENDING_PIT_MATCH,,,,
5,PHUN,11,PENDING_PIT_MATCH,,,,
5,PHUN,12,PENDING_PIT_MATCH,,,,
5,PHUN,13,PENDING_PIT_MATCH,,,,
5,PHUN,14,PENDING_PIT_MATCH,,,,
5,PHUN,15,PENDING_PIT_MATCH,,,,
5,PHUN,16,PENDING_PIT_MATCH,,,,
5,PHUN,17,PENDING_PIT_MATCH,,,,
5,PHUN,18,PENDING_PIT_MATCH,,,,
5,PHUN,19,PENDING_PIT_MATCH,,,,
5,PHUN,20,PENDING_PIT_MATCH,,,,
5,PHUN,21,PENDING_PIT_MATCH,,,,
5,PHUN,22,PENDING_PIT_MATCH,,,,
5,PHUN,23,PENDING_PIT_MATCH,,,,
5,PHUN,24,PENDING_PIT_MATCH,,,,
5,PHUN,25,PENDING_PIT_MATCH,,,,
5,PHUN,26,PENDING_PIT_MATCH,,,,
5,PHUN,27,PENDING_PIT_MATCH,,,,
5,PHUN,28,PENDING_PIT_MATCH,,,,
5,PHUN,29,PENDING_PIT_MATCH,,,,
5,PHUN,30,PENDING_PIT_MATCH,,,,
5,PHUN,31,PENDING_PIT_MATCH,,,,
5,PHUN,32,PENDING_PIT_MATCH,,,,
5,PHUN,33,PENDING_PIT_MATCH,,,,
5,PHUN,34,PENDING_PIT_MATCH,,,,
5,PHUN,35,PENDING_PIT_MATCH,,,,
5,PHUN,36,PENDING_PIT_MATCH,,,,
5,PHUN,37,PENDING_PIT_MATCH,,,,
5,PHUN,38,PENDING_PIT_MATCH,,,,
5,PHUN,39,PENDING_PIT_MATCH,,,,
5,PHUN,40,PENDING_PIT_MATCH,,,,
5,PHUN,41,PENDING_PIT_MATCH,,,,
5,PHUN,42,PENDING_PIT_MATCH,,,,
5,PHUN,43,PENDING_PIT_MATCH,,,,
5,PHUN,44,PENDING_PIT_MATCH,,,,
5,PHUN,45,PENDING_PIT_MATCH,,,,
5,PHUN,46,PENDING_PIT_MATCH,,,,
5,PHUN,47,PENDING_PIT_MATCH,,,,
5,PHUN,48,PENDING_PIT_MATCH,,,,
5,PHUN,49,PENDING_PIT_MATCH,,,,
5,PHUN,50,PENDING_PIT_MATCH,,,,
6,BPTH,1,PENDING_PIT_MATCH,,,,
6,BPTH,2,PENDING_PIT_MATCH,,,,
6,BPTH,3,PENDING_PIT_MATCH,,,,
6,BPTH,4,PENDING_PIT_MATCH,,,,
6,BPTH,5,PENDING_PIT_MATCH,,,,
6,BPTH,6,PENDING_PIT_MATCH,,,,
6,BPTH,7,PENDING_PIT_MATCH,,,,
6,BPTH,8,PENDING_PIT_MATCH,,,,
6,BPTH,9,PENDING_PIT_MATCH,,,,
6,BPTH,10,PENDING_PIT_MATCH,,,,
6,BPTH,11,PENDING_PIT_MATCH,,,,
6,BPTH,12,PENDING_PIT_MATCH,,,,
6,BPTH,13,PENDING_PIT_MATCH,,,,
6,BPTH,14,PENDING_PIT_MATCH,,,,
6,BPTH,15,PENDING_PIT_MATCH,,,,
6,BPTH,16,PENDING_PIT_MATCH,,,,
6,BPTH,17,PENDING_PIT_MATCH,,,,
6,BPTH,18,PENDING_PIT_MATCH,,,,
6,BPTH,19,PENDING_PIT_MATCH,,,,
6,BPTH,20,PENDING_PIT_MATCH,,,,
6,BPTH,21,PENDING_PIT_MATCH,,,,
6,BPTH,22,PENDING_PIT_MATCH,,,,
6,BPTH,23,PENDING_PIT_MATCH,,,,
6,BPTH,24,PENDING_PIT_MATCH,,,,
6,BPTH,25,PENDING_PIT_MATCH,,,,
6,BPTH,26,PENDING_PIT_MATCH,,,,
6,BPTH,27,PENDING_PIT_MATCH,,,,
6,BPTH,28,PENDING_PIT_MATCH,,,,
6,BPTH,29,PENDING_PIT_MATCH,,,,
6,BPTH,30,PENDING_PIT_MATCH,,,,
6,BPTH,31,PENDING_PIT_MATCH,,,,
6,BPTH,32,PENDING_PIT_MATCH,,,,
6,BPTH,33,PENDING_PIT_MATCH,,,,
6,BPTH,34,PENDING_PIT_MATCH,,,,
6,BPTH,35,PENDING_PIT_MATCH,,,,
6,BPTH,36,PENDING_PIT_MATCH,,,,
6,BPTH,37,PENDING_PIT_MATCH,,,,
6,BPTH,38,PENDING_PIT_MATCH,,,,
6,BPTH,39,PENDING_PIT_MATCH,,,,
6,BPTH,40,PENDING_PIT_MATCH,,,,
6,BPTH,41,PENDING_PIT_MATCH,,,,
6,BPTH,42,PENDING_PIT_MATCH,,,,
6,BPTH,43,PENDING_PIT_MATCH,,,,
6,BPTH,44,PENDING_PIT_MATCH,,,,
6,BPTH,45,PENDING_PIT_MATCH,,,,
6,BPTH,46,PENDING_PIT_MATCH,,,,
6,BPTH,47,PENDING_PIT_MATCH,,,,
6,BPTH,48,PENDING_PIT_MATCH,,,,
6,BPTH,49,PENDING_PIT_MATCH,,,,
6,BPTH,50,PENDING_PIT_MATCH,,,,
7,UONE,1,PENDING_PIT_MATCH,,,,
7,UONE,2,PENDING_PIT_MATCH,,,,
7,UONE,3,PENDING_PIT_MATCH,,,,
7,UONE,4,PENDING_PIT_MATCH,,,,
7,UONE,5,PENDING_PIT_MATCH,,,,
7,UONE,6,PENDING_PIT_MATCH,,,,
7,UONE,7,PENDING_PIT_MATCH,,,,
7,UONE,8,PENDING_PIT_MATCH,,,,
7,UONE,9,PENDING_PIT_MATCH,,,,
7,UONE,10,PENDING_PIT_MATCH,,,,
7,UONE,11,PENDING_PIT_MATCH,,,,
7,UONE,12,PENDING_PIT_MATCH,,,,
7,UONE,13,PENDING_PIT_MATCH,,,,
7,UONE,14,PENDING_PIT_MATCH,,,,
7,UONE,15,PENDING_PIT_MATCH,,,,
7,UONE,16,PENDING_PIT_MATCH,,,,
7,UONE,17,PENDING_PIT_MATCH,,,,
7,UONE,18,PENDING_PIT_MATCH,,,,
7,UONE,19,PENDING_PIT_MATCH,,,,
7,UONE,20,PENDING_PIT_MATCH,,,,
7,UONE,21,PENDING_PIT_MATCH,,,,
7,UONE,22,PENDING_PIT_MATCH,,,,
7,UONE,23,PENDING_PIT_MATCH,,,,
7,UONE,24,PENDING_PIT_MATCH,,,,
7,UONE,25,PENDING_PIT_MATCH,,,,
7,UONE,26,PENDING_PIT_MATCH,,,,
7,UONE,27,PENDING_PIT_MATCH,,,,
7,UONE,28,PENDING_PIT_MATCH,,,,
7,UONE,29,PENDING_PIT_MATCH,,,,
7,UONE,30,PENDING_PIT_MATCH,,,,
7,UONE,31,PENDING_PIT_MATCH,,,,
7,UONE,32,PENDING_PIT_MATCH,,,,
7,UONE,33,PENDING_PIT_MATCH,,,,
7,UONE,34,PENDING_PIT_MATCH,,,,
7,UONE,35,PENDING_PIT_MATCH,,,,
7,UONE,36,PENDING_PIT_MATCH,,,,
7,UONE,37,PENDING_PIT_MATCH,,,,
7,UONE,38,PENDING_PIT_MATCH,,,,
7,UONE,39,PENDING_PIT_MATCH,,,,
7,UONE,40,PENDING_PIT_MATCH,,,,
7,UONE,41,PENDING_PIT_MATCH,,,,
7,UONE,42,PENDING_PIT_MATCH,,,,
7,UONE,43,PENDING_PIT_MATCH,,,,
7,UONE,44,PENDING_PIT_MATCH,,,,
7,UONE,45,PENDING_PIT_MATCH,,,,
7,UONE,46,PENDING_PIT_MATCH,,,,
7,UONE,47,PENDING_PIT_MATCH,,,,
7,UONE,48,PENDING_PIT_MATCH,,,,
7,UONE,49,PENDING_PIT_MATCH,,,,
7,UONE,50,PENDING_PIT_MATCH,,,,
8,SPI,1,PENDING_PIT_MATCH,,,,
8,SPI,2,PENDING_PIT_MATCH,,,,
8,SPI,3,PENDING_PIT_MATCH,,,,
8,SPI,4,PENDING_PIT_MATCH,,,,
8,SPI,5,PENDING_PIT_MATCH,,,,
8,SPI,6,PENDING_PIT_MATCH,,,,
8,SPI,7,PENDING_PIT_MATCH,,,,
8,SPI,8,PENDING_PIT_MATCH,,,,
8,SPI,9,PENDING_PIT_MATCH,,,,
8,SPI,10,PENDING_PIT_MATCH,,,,
8,SPI,11,PENDING_PIT_MATCH,,,,
8,SPI,12,PENDING_PIT_MATCH,,,,
8,SPI,13,PENDING_PIT_MATCH,,,,
8,SPI,14,PENDING_PIT_MATCH,,,,
8,SPI,15,PENDING_PIT_MATCH,,,,
8,SPI,16,PENDING_PIT_MATCH,,,,
8,SPI,17,PENDING_PIT_MATCH,,,,
8,SPI,18,PENDING_PIT_MATCH,,,,
8,SPI,19,PENDING_PIT_MATCH,,,,
8,SPI,20,PENDING_PIT_MATCH,,,,
8,SPI,21,PENDING_PIT_MATCH,,,,
8,SPI,22,PENDING_PIT_MATCH,,,,
8,SPI,23,PENDING_PIT_MATCH,,,,
8,SPI,24,PENDING_PIT_MATCH,,,,
8,SPI,25,PENDING_PIT_MATCH,,,,
8,SPI,26,PENDING_PIT_MATCH,,,,
8,SPI,27,PENDING_PIT_MATCH,,,,
8,SPI,28,PENDING_PIT_MATCH,,,,
8,SPI,29,PENDING_PIT_MATCH,,,,
8,SPI,30,PENDING_PIT_MATCH,,,,
8,SPI,31,PENDING_PIT_MATCH,,,,
8,SPI,32,PENDING_PIT_MATCH,,,,
8,SPI,33,PENDING_PIT_MATCH,,,,
8,SPI,34,PENDING_PIT_MATCH,,,,
8,SPI,35,PENDING_PIT_MATCH,,,,
8,SPI,36,PENDING_PIT_MATCH,,,,
8,SPI,37,PENDING_PIT_MATCH,,,,
8,SPI,38,PENDING_PIT_MATCH,,,,
8,SPI,39,PENDING_PIT_MATCH,,,,
8,SPI,40,PENDING_PIT_MATCH,,,,
8,SPI,41,PENDING_PIT_MATCH,,,,
8,SPI,42,PENDING_PIT_MATCH,,,,
8,SPI,43,PENDING_PIT_MATCH,,,,
8,SPI,44,PENDING_PIT_MATCH,,,,
8,SPI,45,PENDING_PIT_MATCH,,,,
8,SPI,46,PENDING_PIT_MATCH,,,,
8,SPI,47,PENDING_PIT_MATCH,,,,
8,SPI,48,PENDING_PIT_MATCH,,,,
8,SPI,49,PENDING_PIT_MATCH,,,,
8,SPI,50,PENDING_PIT_MATCH,,,,
9,KODK,1,PENDING_PIT_MATCH,,,,
9,KODK,2,PENDING_PIT_MATCH,,,,
9,KODK,3,PENDING_PIT_MATCH,,,,
9,KODK,4,PENDING_PIT_MATCH,,,,
9,KODK,5,PENDING_PIT_MATCH,,,,
9,KODK,6,PENDING_PIT_MATCH,,,,
9,KODK,7,PENDING_PIT_MATCH,,,,
9,KODK,8,PENDING_PIT_MATCH,,,,
9,KODK,9,PENDING_PIT_MATCH,,,,
9,KODK,10,PENDING_PIT_MATCH,,,,
9,KODK,11,PENDING_PIT_MATCH,,,,
9,KODK,12,PENDING_PIT_MATCH,,,,
9,KODK,13,PENDING_PIT_MATCH,,,,
9,KODK,14,PENDING_PIT_MATCH,,,,
9,KODK,15,PENDING_PIT_MATCH,,,,
9,KODK,16,PENDING_PIT_MATCH,,,,
9,KODK,17,PENDING_PIT_MATCH,,,,
9,KODK,18,PENDING_PIT_MATCH,,,,
9,KODK,19,PENDING_PIT_MATCH,,,,
9,KODK,20,PENDING_PIT_MATCH,,,,
9,KODK,21,PENDING_PIT_MATCH,,,,
9,KODK,22,PENDING_PIT_MATCH,,,,
9,KODK,23,PENDING_PIT_MATCH,,,,
9,KODK,24,PENDING_PIT_MATCH,,,,
9,KODK,25,PENDING_PIT_MATCH,,,,
9,KODK,26,PENDING_PIT_MATCH,,,,
9,KODK,27,PENDING_PIT_MATCH,,,,
9,KODK,28,PENDING_PIT_MATCH,,,,
9,KODK,29,PENDING_PIT_MATCH,,,,
9,KODK,30,PENDING_PIT_MATCH,,,,
9,KODK,31,PENDING_PIT_MATCH,,,,
9,KODK,32,PENDING_PIT_MATCH,,,,
9,KODK,33,PENDING_PIT_MATCH,,,,
9,KODK,34,PENDING_PIT_MATCH,,,,
9,KODK,35,PENDING_PIT_MATCH,,,,
9,KODK,36,PENDING_PIT_MATCH,,,,
9,KODK,37,PENDING_PIT_MATCH,,,,
9,KODK,38,PENDING_PIT_MATCH,,,,
9,KODK,39,PENDING_PIT_MATCH,,,,
9,KODK,40,PENDING_PIT_MATCH,,,,
9,KODK,41,PENDING_PIT_MATCH,,,,
9,KODK,42,PENDING_PIT_MATCH,,,,
9,KODK,43,PENDING_PIT_MATCH,,,,
9,KODK,44,PENDING_PIT_MATCH,,,,
9,KODK,45,PENDING_PIT_MATCH,,,,
9,KODK,46,PENDING_PIT_MATCH,,,,
9,KODK,47,PENDING_PIT_MATCH,,,,
9,KODK,48,PENDING_PIT_MATCH,,,,
9,KODK,49,PENDING_PIT_MATCH,,,,
9,KODK,50,PENDING_PIT_MATCH,,,,
10,GME,1,PENDING_PIT_MATCH,,,,
10,GME,2,PENDING_PIT_MATCH,,,,
10,GME,3,PENDING_PIT_MATCH,,,,
10,GME,4,PENDING_PIT_MATCH,,,,
10,GME,5,PENDING_PIT_MATCH,,,,
10,GME,6,PENDING_PIT_MATCH,,,,
10,GME,7,PENDING_PIT_MATCH,,,,
10,GME,8,PENDING_PIT_MATCH,,,,
10,GME,9,PENDING_PIT_MATCH,,,,
10,GME,10,PENDING_PIT_MATCH,,,,
10,GME,11,PENDING_PIT_MATCH,,,,
10,GME,12,PENDING_PIT_MATCH,,,,
10,GME,13,PENDING_PIT_MATCH,,,,
10,GME,14,PENDING_PIT_MATCH,,,,
10,GME,15,PENDING_PIT_MATCH,,,,
10,GME,16,PENDING_PIT_MATCH,,,,
10,GME,17,PENDING_PIT_MATCH,,,,
10,GME,18,PENDING_PIT_MATCH,,,,
10,GME,19,PENDING_PIT_MATCH,,,,
10,GME,20,PENDING_PIT_MATCH,,,,
10,GME,21,PENDING_PIT_MATCH,,,,
10,GME,22,PENDING_PIT_MATCH,,,,
10,GME,23,PENDING_PIT_MATCH,,,,
10,GME,24,PENDING_PIT_MATCH,,,,
10,GME,25,PENDING_PIT_MATCH,,,,
10,GME,26,PENDING_PIT_MATCH,,,,
10,GME,27,PENDING_PIT_MATCH,,,,
10,GME,28,PENDING_PIT_MATCH,,,,
10,GME,29,PENDING_PIT_MATCH,,,,
10,GME,30,PENDING_PIT_MATCH,,,,
10,GME,31,PENDING_PIT_MATCH,,,,
10,GME,32,PENDING_PIT_MATCH,,,,
10,GME,33,PENDING_PIT_MATCH,,,,
10,GME,34,PENDING_PIT_MATCH,,,,
10,GME,35,PENDING_PIT_MATCH,,,,
10,GME,36,PENDING_PIT_MATCH,,,,
10,GME,37,PENDING_PIT_MATCH,,,,
10,GME,38,PENDING_PIT_MATCH,,,,
10,GME,39,PENDING_PIT_MATCH,,,,
10,GME,40,PENDING_PIT_MATCH,,,,
10,GME,41,PENDING_PIT_MATCH,,,,
10,GME,42,PENDING_PIT_MATCH,,,,
10,GME,43,PENDING_PIT_MATCH,,,,
10,GME,44,PENDING_PIT_MATCH,,,,
10,GME,45,PENDING_PIT_MATCH,,,,
10,GME,46,PENDING_PIT_MATCH,,,,
10,GME,47,PENDING_PIT_MATCH,,,,
10,GME,48,PENDING_PIT_MATCH,,,,
10,GME,49,PENDING_PIT_MATCH,,,,
10,GME,50,PENDING_PIT_MATCH,,,,
11,KOSS,1,PENDING_PIT_MATCH,,,,
11,KOSS,2,PENDING_PIT_MATCH,,,,
11,KOSS,3,PENDING_PIT_MATCH,,,,
11,KOSS,4,PENDING_PIT_MATCH,,,,
11,KOSS,5,PENDING_PIT_MATCH,,,,
11,KOSS,6,PENDING_PIT_MATCH,,,,
11,KOSS,7,PENDING_PIT_MATCH,,,,
11,KOSS,8,PENDING_PIT_MATCH,,,,
11,KOSS,9,PENDING_PIT_MATCH,,,,
11,KOSS,10,PENDING_PIT_MATCH,,,,
11,KOSS,11,PENDING_PIT_MATCH,,,,
11,KOSS,12,PENDING_PIT_MATCH,,,,
11,KOSS,13,PENDING_PIT_MATCH,,,,
11,KOSS,14,PENDING_PIT_MATCH,,,,
11,KOSS,15,PENDING_PIT_MATCH,,,,
11,KOSS,16,PENDING_PIT_MATCH,,,,
11,KOSS,17,PENDING_PIT_MATCH,,,,
11,KOSS,18,PENDING_PIT_MATCH,,,,
11,KOSS,19,PENDING_PIT_MATCH,,,,
11,KOSS,20,PENDING_PIT_MATCH,,,,
11,KOSS,21,PENDING_PIT_MATCH,,,,
11,KOSS,22,PENDING_PIT_MATCH,,,,
11,KOSS,23,PENDING_PIT_MATCH,,,,
11,KOSS,24,PENDING_PIT_MATCH,,,,
11,KOSS,25,PENDING_PIT_MATCH,,,,
11,KOSS,26,PENDING_PIT_MATCH,,,,
11,KOSS,27,PENDING_PIT_MATCH,,,,
11,KOSS,28,PENDING_PIT_MATCH,,,,
11,KOSS,29,PENDING_PIT_MATCH,,,,
11,KOSS,30,PENDING_PIT_MATCH,,,,
11,KOSS,31,PENDING_PIT_MATCH,,,,
11,KOSS,32,PENDING_PIT_MATCH,,,,
11,KOSS,33,PENDING_PIT_MATCH,,,,
11,KOSS,34,PENDING_PIT_MATCH,,,,
11,KOSS,35,PENDING_PIT_MATCH,,,,
11,KOSS,36,PENDING_PIT_MATCH,,,,
11,KOSS,37,PENDING_PIT_MATCH,,,,
11,KOSS,38,PENDING_PIT_MATCH,,,,
11,KOSS,39,PENDING_PIT_MATCH,,,,
11,KOSS,40,PENDING_PIT_MATCH,,,,
11,KOSS,41,PENDING_PIT_MATCH,,,,
11,KOSS,42,PENDING_PIT_MATCH,,,,
11,KOSS,43,PENDING_PIT_MATCH,,,,
11,KOSS,44,PENDING_PIT_MATCH,,,,
11,KOSS,45,PENDING_PIT_MATCH,,,,
11,KOSS,46,PENDING_PIT_MATCH,,,,
11,KOSS,47,PENDING_PIT_MATCH,,,,
11,KOSS,48,PENDING_PIT_MATCH,,,,
11,KOSS,49,PENDING_PIT_MATCH,,,,
11,KOSS,50,PENDING_PIT_MATCH,,,,
12,GBR,1,PENDING_PIT_MATCH,,,,
12,GBR,2,PENDING_PIT_MATCH,,,,
12,GBR,3,PENDING_PIT_MATCH,,,,
12,GBR,4,PENDING_PIT_MATCH,,,,
12,GBR,5,PENDING_PIT_MATCH,,,,
12,GBR,6,PENDING_PIT_MATCH,,,,
12,GBR,7,PENDING_PIT_MATCH,,,,
12,GBR,8,PENDING_PIT_MATCH,,,,
12,GBR,9,PENDING_PIT_MATCH,,,,
12,GBR,10,PENDING_PIT_MATCH,,,,
12,GBR,11,PENDING_PIT_MATCH,,,,
12,GBR,12,PENDING_PIT_MATCH,,,,
12,GBR,13,PENDING_PIT_MATCH,,,,
12,GBR,14,PENDING_PIT_MATCH,,,,
12,GBR,15,PENDING_PIT_MATCH,,,,
12,GBR,16,PENDING_PIT_MATCH,,,,
12,GBR,17,PENDING_PIT_MATCH,,,,
12,GBR,18,PENDING_PIT_MATCH,,,,
12,GBR,19,PENDING_PIT_MATCH,,,,
12,GBR,20,PENDING_PIT_MATCH,,,,
12,GBR,21,PENDING_PIT_MATCH,,,,
12,GBR,22,PENDING_PIT_MATCH,,,,
12,GBR,23,PENDING_PIT_MATCH,,,,
12,GBR,24,PENDING_PIT_MATCH,,,,
12,GBR,25,PENDING_PIT_MATCH,,,,
12,GBR,26,PENDING_PIT_MATCH,,,,
12,GBR,27,PENDING_PIT_MATCH,,,,
12,GBR,28,PENDING_PIT_MATCH,,,,
12,GBR,29,PENDING_PIT_MATCH,,,,
12,GBR,30,PENDING_PIT_MATCH,,,,
12,GBR,31,PENDING_PIT_MATCH,,,,
12,GBR,32,PENDING_PIT_MATCH,,,,
12,GBR,33,PENDING_PIT_MATCH,,,,
12,GBR,34,PENDING_PIT_MATCH,,,,
12,GBR,35,PENDING_PIT_MATCH,,,,
12,GBR,36,PENDING_PIT_MATCH,,,,
12,GBR,37,PENDING_PIT_MATCH,,,,
12,GBR,38,PENDING_PIT_MATCH,,,,
12,GBR,39,PENDING_PIT_MATCH,,,,
12,GBR,40,PENDING_PIT_MATCH,,,,
12,GBR,41,PENDING_PIT_MATCH,,,,
12,GBR,42,PENDING_PIT_MATCH,,,,
12,GBR,43,PENDING_PIT_MATCH,,,,
12,GBR,44,PENDING_PIT_MATCH,,,,
12,GBR,45,PENDING_PIT_MATCH,,,,
12,GBR,46,PENDING_PIT_MATCH,,,,
12,GBR,47,PENDING_PIT_MATCH,,,,
12,GBR,48,PENDING_PIT_MATCH,,,,
12,GBR,49,PENDING_PIT_MATCH,,,,
12,GBR,50,PENDING_PIT_MATCH,,,,
13,LGVN,1,PENDING_PIT_MATCH,,,,
13,LGVN,2,PENDING_PIT_MATCH,,,,
13,LGVN,3,PENDING_PIT_MATCH,,,,
13,LGVN,4,PENDING_PIT_MATCH,,,,
13,LGVN,5,PENDING_PIT_MATCH,,,,
13,LGVN,6,PENDING_PIT_MATCH,,,,
13,LGVN,7,PENDING_PIT_MATCH,,,,
13,LGVN,8,PENDING_PIT_MATCH,,,,
13,LGVN,9,PENDING_PIT_MATCH,,,,
13,LGVN,10,PENDING_PIT_MATCH,,,,
13,LGVN,11,PENDING_PIT_MATCH,,,,
13,LGVN,12,PENDING_PIT_MATCH,,,,
13,LGVN,13,PENDING_PIT_MATCH,,,,
13,LGVN,14,PENDING_PIT_MATCH,,,,
13,LGVN,15,PENDING_PIT_MATCH,,,,
13,LGVN,16,PENDING_PIT_MATCH,,,,
13,LGVN,17,PENDING_PIT_MATCH,,,,
13,LGVN,18,PENDING_PIT_MATCH,,,,
13,LGVN,19,PENDING_PIT_MATCH,,,,
13,LGVN,20,PENDING_PIT_MATCH,,,,
13,LGVN,21,PENDING_PIT_MATCH,,,,
13,LGVN,22,PENDING_PIT_MATCH,,,,
13,LGVN,23,PENDING_PIT_MATCH,,,,
13,LGVN,24,PENDING_PIT_MATCH,,,,
13,LGVN,25,PENDING_PIT_MATCH,,,,
13,LGVN,26,PENDING_PIT_MATCH,,,,
13,LGVN,27,PENDING_PIT_MATCH,,,,
13,LGVN,28,PENDING_PIT_MATCH,,,,
13,LGVN,29,PENDING_PIT_MATCH,,,,
13,LGVN,30,PENDING_PIT_MATCH,,,,
13,LGVN,31,PENDING_PIT_MATCH,,,,
13,LGVN,32,PENDING_PIT_MATCH,,,,
13,LGVN,33,PENDING_PIT_MATCH,,,,
13,LGVN,34,PENDING_PIT_MATCH,,,,
13,LGVN,35,PENDING_PIT_MATCH,,,,
13,LGVN,36,PENDING_PIT_MATCH,,,,
13,LGVN,37,PENDING_PIT_MATCH,,,,
13,LGVN,38,PENDING_PIT_MATCH,,,,
13,LGVN,39,PENDING_PIT_MATCH,,,,
13,LGVN,40,PENDING_PIT_MATCH,,,,
13,LGVN,41,PENDING_PIT_MATCH,,,,
13,LGVN,42,PENDING_PIT_MATCH,,,,
13,LGVN,43,PENDING_PIT_MATCH,,,,
13,LGVN,44,PENDING_PIT_MATCH,,,,
13,LGVN,45,PENDING_PIT_MATCH,,,,
13,LGVN,46,PENDING_PIT_MATCH,,,,
13,LGVN,47,PENDING_PIT_MATCH,,,,
13,LGVN,48,PENDING_PIT_MATCH,,,,
13,LGVN,49,PENDING_PIT_MATCH,,,,
13,LGVN,50,PENDING_PIT_MATCH,,,,
14,DWAC,1,PENDING_PIT_MATCH,,,,
14,DWAC,2,PENDING_PIT_MATCH,,,,
14,DWAC,3,PENDING_PIT_MATCH,,,,
14,DWAC,4,PENDING_PIT_MATCH,,,,
14,DWAC,5,PENDING_PIT_MATCH,,,,
14,DWAC,6,PENDING_PIT_MATCH,,,,
14,DWAC,7,PENDING_PIT_MATCH,,,,
14,DWAC,8,PENDING_PIT_MATCH,,,,
14,DWAC,9,PENDING_PIT_MATCH,,,,
14,DWAC,10,PENDING_PIT_MATCH,,,,
14,DWAC,11,PENDING_PIT_MATCH,,,,
14,DWAC,12,PENDING_PIT_MATCH,,,,
14,DWAC,13,PENDING_PIT_MATCH,,,,
14,DWAC,14,PENDING_PIT_MATCH,,,,
14,DWAC,15,PENDING_PIT_MATCH,,,,
14,DWAC,16,PENDING_PIT_MATCH,,,,
14,DWAC,17,PENDING_PIT_MATCH,,,,
14,DWAC,18,PENDING_PIT_MATCH,,,,
14,DWAC,19,PENDING_PIT_MATCH,,,,
14,DWAC,20,PENDING_PIT_MATCH,,,,
14,DWAC,21,PENDING_PIT_MATCH,,,,
14,DWAC,22,PENDING_PIT_MATCH,,,,
14,DWAC,23,PENDING_PIT_MATCH,,,,
14,DWAC,24,PENDING_PIT_MATCH,,,,
14,DWAC,25,PENDING_PIT_MATCH,,,,
14,DWAC,26,PENDING_PIT_MATCH,,,,
14,DWAC,27,PENDING_PIT_MATCH,,,,
14,DWAC,28,PENDING_PIT_MATCH,,,,
14,DWAC,29,PENDING_PIT_MATCH,,,,
14,DWAC,30,PENDING_PIT_MATCH,,,,
14,DWAC,31,PENDING_PIT_MATCH,,,,
14,DWAC,32,PENDING_PIT_MATCH,,,,
14,DWAC,33,PENDING_PIT_MATCH,,,,
14,DWAC,34,PENDING_PIT_MATCH,,,,
14,DWAC,35,PENDING_PIT_MATCH,,,,
14,DWAC,36,PENDING_PIT_MATCH,,,,
14,DWAC,37,PENDING_PIT_MATCH,,,,
14,DWAC,38,PENDING_PIT_MATCH,,,,
14,DWAC,39,PENDING_PIT_MATCH,,,,
14,DWAC,40,PENDING_PIT_MATCH,,,,
14,DWAC,41,PENDING_PIT_MATCH,,,,
14,DWAC,42,PENDING_PIT_MATCH,,,,
14,DWAC,43,PENDING_PIT_MATCH,,,,
14,DWAC,44,PENDING_PIT_MATCH,,,,
14,DWAC,45,PENDING_PIT_MATCH,,,,
14,DWAC,46,PENDING_PIT_MATCH,,,,
14,DWAC,47,PENDING_PIT_MATCH,,,,
14,DWAC,48,PENDING_PIT_MATCH,,,,
14,DWAC,49,PENDING_PIT_MATCH,,,,
14,DWAC,50,PENDING_PIT_MATCH,,,,
15,AMAM,1,PENDING_PIT_MATCH,,,,
15,AMAM,2,PENDING_PIT_MATCH,,,,
15,AMAM,3,PENDING_PIT_MATCH,,,,
15,AMAM,4,PENDING_PIT_MATCH,,,,
15,AMAM,5,PENDING_PIT_MATCH,,,,
15,AMAM,6,PENDING_PIT_MATCH,,,,
15,AMAM,7,PENDING_PIT_MATCH,,,,
15,AMAM,8,PENDING_PIT_MATCH,,,,
15,AMAM,9,PENDING_PIT_MATCH,,,,
15,AMAM,10,PENDING_PIT_MATCH,,,,
15,AMAM,11,PENDING_PIT_MATCH,,,,
15,AMAM,12,PENDING_PIT_MATCH,,,,
15,AMAM,13,PENDING_PIT_MATCH,,,,
15,AMAM,14,PENDING_PIT_MATCH,,,,
15,AMAM,15,PENDING_PIT_MATCH,,,,
15,AMAM,16,PENDING_PIT_MATCH,,,,
15,AMAM,17,PENDING_PIT_MATCH,,,,
15,AMAM,18,PENDING_PIT_MATCH,,,,
15,AMAM,19,PENDING_PIT_MATCH,,,,
15,AMAM,20,PENDING_PIT_MATCH,,,,
15,AMAM,21,PENDING_PIT_MATCH,,,,
15,AMAM,22,PENDING_PIT_MATCH,,,,
15,AMAM,23,PENDING_PIT_MATCH,,,,
15,AMAM,24,PENDING_PIT_MATCH,,,,
15,AMAM,25,PENDING_PIT_MATCH,,,,
15,AMAM,26,PENDING_PIT_MATCH,,,,
15,AMAM,27,PENDING_PIT_MATCH,,,,
15,AMAM,28,PENDING_PIT_MATCH,,,,
15,AMAM,29,PENDING_PIT_MATCH,,,,
15,AMAM,30,PENDING_PIT_MATCH,,,,
15,AMAM,31,PENDING_PIT_MATCH,,,,
15,AMAM,32,PENDING_PIT_MATCH,,,,
15,AMAM,33,PENDING_PIT_MATCH,,,,
15,AMAM,34,PENDING_PIT_MATCH,,,,
15,AMAM,35,PENDING_PIT_MATCH,,,,
15,AMAM,36,PENDING_PIT_MATCH,,,,
15,AMAM,37,PENDING_PIT_MATCH,,,,
15,AMAM,38,PENDING_PIT_MATCH,,,,
15,AMAM,39,PENDING_PIT_MATCH,,,,
15,AMAM,40,PENDING_PIT_MATCH,,,,
15,AMAM,41,PENDING_PIT_MATCH,,,,
15,AMAM,42,PENDING_PIT_MATCH,,,,
15,AMAM,43,PENDING_PIT_MATCH,,,,
15,AMAM,44,PENDING_PIT_MATCH,,,,
15,AMAM,45,PENDING_PIT_MATCH,,,,
15,AMAM,46,PENDING_PIT_MATCH,,,,
15,AMAM,47,PENDING_PIT_MATCH,,,,
15,AMAM,48,PENDING_PIT_MATCH,,,,
15,AMAM,49,PENDING_PIT_MATCH,,,,
15,AMAM,50,PENDING_PIT_MATCH,,,,
16,HKD,1,PENDING_PIT_MATCH,,,,
16,HKD,2,PENDING_PIT_MATCH,,,,
16,HKD,3,PENDING_PIT_MATCH,,,,
16,HKD,4,PENDING_PIT_MATCH,,,,
16,HKD,5,PENDING_PIT_MATCH,,,,
16,HKD,6,PENDING_PIT_MATCH,,,,
16,HKD,7,PENDING_PIT_MATCH,,,,
16,HKD,8,PENDING_PIT_MATCH,,,,
16,HKD,9,PENDING_PIT_MATCH,,,,
16,HKD,10,PENDING_PIT_MATCH,,,,
16,HKD,11,PENDING_PIT_MATCH,,,,
16,HKD,12,PENDING_PIT_MATCH,,,,
16,HKD,13,PENDING_PIT_MATCH,,,,
16,HKD,14,PENDING_PIT_MATCH,,,,
16,HKD,15,PENDING_PIT_MATCH,,,,
16,HKD,16,PENDING_PIT_MATCH,,,,
16,HKD,17,PENDING_PIT_MATCH,,,,
16,HKD,18,PENDING_PIT_MATCH,,,,
16,HKD,19,PENDING_PIT_MATCH,,,,
16,HKD,20,PENDING_PIT_MATCH,,,,
16,HKD,21,PENDING_PIT_MATCH,,,,
16,HKD,22,PENDING_PIT_MATCH,,,,
16,HKD,23,PENDING_PIT_MATCH,,,,
16,HKD,24,PENDING_PIT_MATCH,,,,
16,HKD,25,PENDING_PIT_MATCH,,,,
16,HKD,26,PENDING_PIT_MATCH,,,,
16,HKD,27,PENDING_PIT_MATCH,,,,
16,HKD,28,PENDING_PIT_MATCH,,,,
16,HKD,29,PENDING_PIT_MATCH,,,,
16,HKD,30,PENDING_PIT_MATCH,,,,
16,HKD,31,PENDING_PIT_MATCH,,,,
16,HKD,32,PENDING_PIT_MATCH,,,,
16,HKD,33,PENDING_PIT_MATCH,,,,
16,HKD,34,PENDING_PIT_MATCH,,,,
16,HKD,35,PENDING_PIT_MATCH,,,,
16,HKD,36,PENDING_PIT_MATCH,,,,
16,HKD,37,PENDING_PIT_MATCH,,,,
16,HKD,38,PENDING_PIT_MATCH,,,,
16,HKD,39,PENDING_PIT_MATCH,,,,
16,HKD,40,PENDING_PIT_MATCH,,,,
16,HKD,41,PENDING_PIT_MATCH,,,,
16,HKD,42,PENDING_PIT_MATCH,,,,
16,HKD,43,PENDING_PIT_MATCH,,,,
16,HKD,44,PENDING_PIT_MATCH,,,,
16,HKD,45,PENDING_PIT_MATCH,,,,
16,HKD,46,PENDING_PIT_MATCH,,,,
16,HKD,47,PENDING_PIT_MATCH,,,,
16,HKD,48,PENDING_PIT_MATCH,,,,
16,HKD,49,PENDING_PIT_MATCH,,,,
16,HKD,50,PENDING_PIT_MATCH,,,,
17,MEGL,1,PENDING_PIT_MATCH,,,,
17,MEGL,2,PENDING_PIT_MATCH,,,,
17,MEGL,3,PENDING_PIT_MATCH,,,,
17,MEGL,4,PENDING_PIT_MATCH,,,,
17,MEGL,5,PENDING_PIT_MATCH,,,,
17,MEGL,6,PENDING_PIT_MATCH,,,,
17,MEGL,7,PENDING_PIT_MATCH,,,,
17,MEGL,8,PENDING_PIT_MATCH,,,,
17,MEGL,9,PENDING_PIT_MATCH,,,,
17,MEGL,10,PENDING_PIT_MATCH,,,,
17,MEGL,11,PENDING_PIT_MATCH,,,,
17,MEGL,12,PENDING_PIT_MATCH,,,,
17,MEGL,13,PENDING_PIT_MATCH,,,,
17,MEGL,14,PENDING_PIT_MATCH,,,,
17,MEGL,15,PENDING_PIT_MATCH,,,,
17,MEGL,16,PENDING_PIT_MATCH,,,,
17,MEGL,17,PENDING_PIT_MATCH,,,,
17,MEGL,18,PENDING_PIT_MATCH,,,,
17,MEGL,19,PENDING_PIT_MATCH,,,,
17,MEGL,20,PENDING_PIT_MATCH,,,,
17,MEGL,21,PENDING_PIT_MATCH,,,,
17,MEGL,22,PENDING_PIT_MATCH,,,,
17,MEGL,23,PENDING_PIT_MATCH,,,,
17,MEGL,24,PENDING_PIT_MATCH,,,,
17,MEGL,25,PENDING_PIT_MATCH,,,,
17,MEGL,26,PENDING_PIT_MATCH,,,,
17,MEGL,27,PENDING_PIT_MATCH,,,,
17,MEGL,28,PENDING_PIT_MATCH,,,,
17,MEGL,29,PENDING_PIT_MATCH,,,,
17,MEGL,30,PENDING_PIT_MATCH,,,,
17,MEGL,31,PENDING_PIT_MATCH,,,,
17,MEGL,32,PENDING_PIT_MATCH,,,,
17,MEGL,33,PENDING_PIT_MATCH,,,,
17,MEGL,34,PENDING_PIT_MATCH,,,,
17,MEGL,35,PENDING_PIT_MATCH,,,,
17,MEGL,36,PENDING_PIT_MATCH,,,,
17,MEGL,37,PENDING_PIT_MATCH,,,,
17,MEGL,38,PENDING_PIT_MATCH,,,,
17,MEGL,39,PENDING_PIT_MATCH,,,,
17,MEGL,40,PENDING_PIT_MATCH,,,,
17,MEGL,41,PENDING_PIT_MATCH,,,,
17,MEGL,42,PENDING_PIT_MATCH,,,,
17,MEGL,43,PENDING_PIT_MATCH,,,,
17,MEGL,44,PENDING_PIT_MATCH,,,,
17,MEGL,45,PENDING_PIT_MATCH,,,,
17,MEGL,46,PENDING_PIT_MATCH,,,,
17,MEGL,47,PENDING_PIT_MATCH,,,,
17,MEGL,48,PENDING_PIT_MATCH,,,,
17,MEGL,49,PENDING_PIT_MATCH,,,,
17,MEGL,50,PENDING_PIT_MATCH,,,,
18,ATXG,1,PENDING_PIT_MATCH,,,,
18,ATXG,2,PENDING_PIT_MATCH,,,,
18,ATXG,3,PENDING_PIT_MATCH,,,,
18,ATXG,4,PENDING_PIT_MATCH,,,,
18,ATXG,5,PENDING_PIT_MATCH,,,,
18,ATXG,6,PENDING_PIT_MATCH,,,,
18,ATXG,7,PENDING_PIT_MATCH,,,,
18,ATXG,8,PENDING_PIT_MATCH,,,,
18,ATXG,9,PENDING_PIT_MATCH,,,,
18,ATXG,10,PENDING_PIT_MATCH,,,,
18,ATXG,11,PENDING_PIT_MATCH,,,,
18,ATXG,12,PENDING_PIT_MATCH,,,,
18,ATXG,13,PENDING_PIT_MATCH,,,,
18,ATXG,14,PENDING_PIT_MATCH,,,,
18,ATXG,15,PENDING_PIT_MATCH,,,,
18,ATXG,16,PENDING_PIT_MATCH,,,,
18,ATXG,17,PENDING_PIT_MATCH,,,,
18,ATXG,18,PENDING_PIT_MATCH,,,,
18,ATXG,19,PENDING_PIT_MATCH,,,,
18,ATXG,20,PENDING_PIT_MATCH,,,,
18,ATXG,21,PENDING_PIT_MATCH,,,,
18,ATXG,22,PENDING_PIT_MATCH,,,,
18,ATXG,23,PENDING_PIT_MATCH,,,,
18,ATXG,24,PENDING_PIT_MATCH,,,,
18,ATXG,25,PENDING_PIT_MATCH,,,,
18,ATXG,26,PENDING_PIT_MATCH,,,,
18,ATXG,27,PENDING_PIT_MATCH,,,,
18,ATXG,28,PENDING_PIT_MATCH,,,,
18,ATXG,29,PENDING_PIT_MATCH,,,,
18,ATXG,30,PENDING_PIT_MATCH,,,,
18,ATXG,31,PENDING_PIT_MATCH,,,,
18,ATXG,32,PENDING_PIT_MATCH,,,,
18,ATXG,33,PENDING_PIT_MATCH,,,,
18,ATXG,34,PENDING_PIT_MATCH,,,,
18,ATXG,35,PENDING_PIT_MATCH,,,,
18,ATXG,36,PENDING_PIT_MATCH,,,,
18,ATXG,37,PENDING_PIT_MATCH,,,,
18,ATXG,38,PENDING_PIT_MATCH,,,,
18,ATXG,39,PENDING_PIT_MATCH,,,,
18,ATXG,40,PENDING_PIT_MATCH,,,,
18,ATXG,41,PENDING_PIT_MATCH,,,,
18,ATXG,42,PENDING_PIT_MATCH,,,,
18,ATXG,43,PENDING_PIT_MATCH,,,,
18,ATXG,44,PENDING_PIT_MATCH,,,,
18,ATXG,45,PENDING_PIT_MATCH,,,,
18,ATXG,46,PENDING_PIT_MATCH,,,,
18,ATXG,47,PENDING_PIT_MATCH,,,,
18,ATXG,48,PENDING_PIT_MATCH,,,,
18,ATXG,49,PENDING_PIT_MATCH,,,,
18,ATXG,50,PENDING_PIT_MATCH,,,,
19,LUNR,1,PENDING_PIT_MATCH,,,,
19,LUNR,2,PENDING_PIT_MATCH,,,,
19,LUNR,3,PENDING_PIT_MATCH,,,,
19,LUNR,4,PENDING_PIT_MATCH,,,,
19,LUNR,5,PENDING_PIT_MATCH,,,,
19,LUNR,6,PENDING_PIT_MATCH,,,,
19,LUNR,7,PENDING_PIT_MATCH,,,,
19,LUNR,8,PENDING_PIT_MATCH,,,,
19,LUNR,9,PENDING_PIT_MATCH,,,,
19,LUNR,10,PENDING_PIT_MATCH,,,,
19,LUNR,11,PENDING_PIT_MATCH,,,,
19,LUNR,12,PENDING_PIT_MATCH,,,,
19,LUNR,13,PENDING_PIT_MATCH,,,,
19,LUNR,14,PENDING_PIT_MATCH,,,,
19,LUNR,15,PENDING_PIT_MATCH,,,,
19,LUNR,16,PENDING_PIT_MATCH,,,,
19,LUNR,17,PENDING_PIT_MATCH,,,,
19,LUNR,18,PENDING_PIT_MATCH,,,,
19,LUNR,19,PENDING_PIT_MATCH,,,,
19,LUNR,20,PENDING_PIT_MATCH,,,,
19,LUNR,21,PENDING_PIT_MATCH,,,,
19,LUNR,22,PENDING_PIT_MATCH,,,,
19,LUNR,23,PENDING_PIT_MATCH,,,,
19,LUNR,24,PENDING_PIT_MATCH,,,,
19,LUNR,25,PENDING_PIT_MATCH,,,,
19,LUNR,26,PENDING_PIT_MATCH,,,,
19,LUNR,27,PENDING_PIT_MATCH,,,,
19,LUNR,28,PENDING_PIT_MATCH,,,,
19,LUNR,29,PENDING_PIT_MATCH,,,,
19,LUNR,30,PENDING_PIT_MATCH,,,,
19,LUNR,31,PENDING_PIT_MATCH,,,,
19,LUNR,32,PENDING_PIT_MATCH,,,,
19,LUNR,33,PENDING_PIT_MATCH,,,,
19,LUNR,34,PENDING_PIT_MATCH,,,,
19,LUNR,35,PENDING_PIT_MATCH,,,,
19,LUNR,36,PENDING_PIT_MATCH,,,,
19,LUNR,37,PENDING_PIT_MATCH,,,,
19,LUNR,38,PENDING_PIT_MATCH,,,,
19,LUNR,39,PENDING_PIT_MATCH,,,,
19,LUNR,40,PENDING_PIT_MATCH,,,,
19,LUNR,41,PENDING_PIT_MATCH,,,,
19,LUNR,42,PENDING_PIT_MATCH,,,,
19,LUNR,43,PENDING_PIT_MATCH,,,,
19,LUNR,44,PENDING_PIT_MATCH,,,,
19,LUNR,45,PENDING_PIT_MATCH,,,,
19,LUNR,46,PENDING_PIT_MATCH,,,,
19,LUNR,47,PENDING_PIT_MATCH,,,,
19,LUNR,48,PENDING_PIT_MATCH,,,,
19,LUNR,49,PENDING_PIT_MATCH,,,,
19,LUNR,50,PENDING_PIT_MATCH,,,,
20,UCAR,1,PENDING_PIT_MATCH,,,,
20,UCAR,2,PENDING_PIT_MATCH,,,,
20,UCAR,3,PENDING_PIT_MATCH,,,,
20,UCAR,4,PENDING_PIT_MATCH,,,,
20,UCAR,5,PENDING_PIT_MATCH,,,,
20,UCAR,6,PENDING_PIT_MATCH,,,,
20,UCAR,7,PENDING_PIT_MATCH,,,,
20,UCAR,8,PENDING_PIT_MATCH,,,,
20,UCAR,9,PENDING_PIT_MATCH,,,,
20,UCAR,10,PENDING_PIT_MATCH,,,,
20,UCAR,11,PENDING_PIT_MATCH,,,,
20,UCAR,12,PENDING_PIT_MATCH,,,,
20,UCAR,13,PENDING_PIT_MATCH,,,,
20,UCAR,14,PENDING_PIT_MATCH,,,,
20,UCAR,15,PENDING_PIT_MATCH,,,,
20,UCAR,16,PENDING_PIT_MATCH,,,,
20,UCAR,17,PENDING_PIT_MATCH,,,,
20,UCAR,18,PENDING_PIT_MATCH,,,,
20,UCAR,19,PENDING_PIT_MATCH,,,,
20,UCAR,20,PENDING_PIT_MATCH,,,,
20,UCAR,21,PENDING_PIT_MATCH,,,,
20,UCAR,22,PENDING_PIT_MATCH,,,,
20,UCAR,23,PENDING_PIT_MATCH,,,,
20,UCAR,24,PENDING_PIT_MATCH,,,,
20,UCAR,25,PENDING_PIT_MATCH,,,,
20,UCAR,26,PENDING_PIT_MATCH,,,,
20,UCAR,27,PENDING_PIT_MATCH,,,,
20,UCAR,28,PENDING_PIT_MATCH,,,,
20,UCAR,29,PENDING_PIT_MATCH,,,,
20,UCAR,30,PENDING_PIT_MATCH,,,,
20,UCAR,31,PENDING_PIT_MATCH,,,,
20,UCAR,32,PENDING_PIT_MATCH,,,,
20,UCAR,33,PENDING_PIT_MATCH,,,,
20,UCAR,34,PENDING_PIT_MATCH,,,,
20,UCAR,35,PENDING_PIT_MATCH,,,,
20,UCAR,36,PENDING_PIT_MATCH,,,,
20,UCAR,37,PENDING_PIT_MATCH,,,,
20,UCAR,38,PENDING_PIT_MATCH,,,,
20,UCAR,39,PENDING_PIT_MATCH,,,,
20,UCAR,40,PENDING_PIT_MATCH,,,,
20,UCAR,41,PENDING_PIT_MATCH,,,,
20,UCAR,42,PENDING_PIT_MATCH,,,,
20,UCAR,43,PENDING_PIT_MATCH,,,,
20,UCAR,44,PENDING_PIT_MATCH,,,,
20,UCAR,45,PENDING_PIT_MATCH,,,,
20,UCAR,46,PENDING_PIT_MATCH,,,,
20,UCAR,47,PENDING_PIT_MATCH,,,,
20,UCAR,48,PENDING_PIT_MATCH,,,,
20,UCAR,49,PENDING_PIT_MATCH,,,,
20,UCAR,50,PENDING_PIT_MATCH,,,,
21,CXAI,1,PENDING_PIT_MATCH,,,,
21,CXAI,2,PENDING_PIT_MATCH,,,,
21,CXAI,3,PENDING_PIT_MATCH,,,,
21,CXAI,4,PENDING_PIT_MATCH,,,,
21,CXAI,5,PENDING_PIT_MATCH,,,,
21,CXAI,6,PENDING_PIT_MATCH,,,,
21,CXAI,7,PENDING_PIT_MATCH,,,,
21,CXAI,8,PENDING_PIT_MATCH,,,,
21,CXAI,9,PENDING_PIT_MATCH,,,,
21,CXAI,10,PENDING_PIT_MATCH,,,,
21,CXAI,11,PENDING_PIT_MATCH,,,,
21,CXAI,12,PENDING_PIT_MATCH,,,,
21,CXAI,13,PENDING_PIT_MATCH,,,,
21,CXAI,14,PENDING_PIT_MATCH,,,,
21,CXAI,15,PENDING_PIT_MATCH,,,,
21,CXAI,16,PENDING_PIT_MATCH,,,,
21,CXAI,17,PENDING_PIT_MATCH,,,,
21,CXAI,18,PENDING_PIT_MATCH,,,,
21,CXAI,19,PENDING_PIT_MATCH,,,,
21,CXAI,20,PENDING_PIT_MATCH,,,,
21,CXAI,21,PENDING_PIT_MATCH,,,,
21,CXAI,22,PENDING_PIT_MATCH,,,,
21,CXAI,23,PENDING_PIT_MATCH,,,,
21,CXAI,24,PENDING_PIT_MATCH,,,,
21,CXAI,25,PENDING_PIT_MATCH,,,,
21,CXAI,26,PENDING_PIT_MATCH,,,,
21,CXAI,27,PENDING_PIT_MATCH,,,,
21,CXAI,28,PENDING_PIT_MATCH,,,,
21,CXAI,29,PENDING_PIT_MATCH,,,,
21,CXAI,30,PENDING_PIT_MATCH,,,,
21,CXAI,31,PENDING_PIT_MATCH,,,,
21,CXAI,32,PENDING_PIT_MATCH,,,,
21,CXAI,33,PENDING_PIT_MATCH,,,,
21,CXAI,34,PENDING_PIT_MATCH,,,,
21,CXAI,35,PENDING_PIT_MATCH,,,,
21,CXAI,36,PENDING_PIT_MATCH,,,,
21,CXAI,37,PENDING_PIT_MATCH,,,,
21,CXAI,38,PENDING_PIT_MATCH,,,,
21,CXAI,39,PENDING_PIT_MATCH,,,,
21,CXAI,40,PENDING_PIT_MATCH,,,,
21,CXAI,41,PENDING_PIT_MATCH,,,,
21,CXAI,42,PENDING_PIT_MATCH,,,,
21,CXAI,43,PENDING_PIT_MATCH,,,,
21,CXAI,44,PENDING_PIT_MATCH,,,,
21,CXAI,45,PENDING_PIT_MATCH,,,,
21,CXAI,46,PENDING_PIT_MATCH,,,,
21,CXAI,47,PENDING_PIT_MATCH,,,,
21,CXAI,48,PENDING_PIT_MATCH,,,,
21,CXAI,49,PENDING_PIT_MATCH,,,,
21,CXAI,50,PENDING_PIT_MATCH,,,,
22,TOP,1,PENDING_PIT_MATCH,,,,
22,TOP,2,PENDING_PIT_MATCH,,,,
22,TOP,3,PENDING_PIT_MATCH,,,,
22,TOP,4,PENDING_PIT_MATCH,,,,
22,TOP,5,PENDING_PIT_MATCH,,,,
22,TOP,6,PENDING_PIT_MATCH,,,,
22,TOP,7,PENDING_PIT_MATCH,,,,
22,TOP,8,PENDING_PIT_MATCH,,,,
22,TOP,9,PENDING_PIT_MATCH,,,,
22,TOP,10,PENDING_PIT_MATCH,,,,
22,TOP,11,PENDING_PIT_MATCH,,,,
22,TOP,12,PENDING_PIT_MATCH,,,,
22,TOP,13,PENDING_PIT_MATCH,,,,
22,TOP,14,PENDING_PIT_MATCH,,,,
22,TOP,15,PENDING_PIT_MATCH,,,,
22,TOP,16,PENDING_PIT_MATCH,,,,
22,TOP,17,PENDING_PIT_MATCH,,,,
22,TOP,18,PENDING_PIT_MATCH,,,,
22,TOP,19,PENDING_PIT_MATCH,,,,
22,TOP,20,PENDING_PIT_MATCH,,,,
22,TOP,21,PENDING_PIT_MATCH,,,,
22,TOP,22,PENDING_PIT_MATCH,,,,
22,TOP,23,PENDING_PIT_MATCH,,,,
22,TOP,24,PENDING_PIT_MATCH,,,,
22,TOP,25,PENDING_PIT_MATCH,,,,
22,TOP,26,PENDING_PIT_MATCH,,,,
22,TOP,27,PENDING_PIT_MATCH,,,,
22,TOP,28,PENDING_PIT_MATCH,,,,
22,TOP,29,PENDING_PIT_MATCH,,,,
22,TOP,30,PENDING_PIT_MATCH,,,,
22,TOP,31,PENDING_PIT_MATCH,,,,
22,TOP,32,PENDING_PIT_MATCH,,,,
22,TOP,33,PENDING_PIT_MATCH,,,,
22,TOP,34,PENDING_PIT_MATCH,,,,
22,TOP,35,PENDING_PIT_MATCH,,,,
22,TOP,36,PENDING_PIT_MATCH,,,,
22,TOP,37,PENDING_PIT_MATCH,,,,
22,TOP,38,PENDING_PIT_MATCH,,,,
22,TOP,39,PENDING_PIT_MATCH,,,,
22,TOP,40,PENDING_PIT_MATCH,,,,
22,TOP,41,PENDING_PIT_MATCH,,,,
22,TOP,42,PENDING_PIT_MATCH,,,,
22,TOP,43,PENDING_PIT_MATCH,,,,
22,TOP,44,PENDING_PIT_MATCH,,,,
22,TOP,45,PENDING_PIT_MATCH,,,,
22,TOP,46,PENDING_PIT_MATCH,,,,
22,TOP,47,PENDING_PIT_MATCH,,,,
22,TOP,48,PENDING_PIT_MATCH,,,,
22,TOP,49,PENDING_PIT_MATCH,,,,
22,TOP,50,PENDING_PIT_MATCH,,,,
23,TPST,1,PENDING_PIT_MATCH,,,,
23,TPST,2,PENDING_PIT_MATCH,,,,
23,TPST,3,PENDING_PIT_MATCH,,,,
23,TPST,4,PENDING_PIT_MATCH,,,,
23,TPST,5,PENDING_PIT_MATCH,,,,
23,TPST,6,PENDING_PIT_MATCH,,,,
23,TPST,7,PENDING_PIT_MATCH,,,,
23,TPST,8,PENDING_PIT_MATCH,,,,
23,TPST,9,PENDING_PIT_MATCH,,,,
23,TPST,10,PENDING_PIT_MATCH,,,,
23,TPST,11,PENDING_PIT_MATCH,,,,
23,TPST,12,PENDING_PIT_MATCH,,,,
23,TPST,13,PENDING_PIT_MATCH,,,,
23,TPST,14,PENDING_PIT_MATCH,,,,
23,TPST,15,PENDING_PIT_MATCH,,,,
23,TPST,16,PENDING_PIT_MATCH,,,,
23,TPST,17,PENDING_PIT_MATCH,,,,
23,TPST,18,PENDING_PIT_MATCH,,,,
23,TPST,19,PENDING_PIT_MATCH,,,,
23,TPST,20,PENDING_PIT_MATCH,,,,
23,TPST,21,PENDING_PIT_MATCH,,,,
23,TPST,22,PENDING_PIT_MATCH,,,,
23,TPST,23,PENDING_PIT_MATCH,,,,
23,TPST,24,PENDING_PIT_MATCH,,,,
23,TPST,25,PENDING_PIT_MATCH,,,,
23,TPST,26,PENDING_PIT_MATCH,,,,
23,TPST,27,PENDING_PIT_MATCH,,,,
23,TPST,28,PENDING_PIT_MATCH,,,,
23,TPST,29,PENDING_PIT_MATCH,,,,
23,TPST,30,PENDING_PIT_MATCH,,,,
23,TPST,31,PENDING_PIT_MATCH,,,,
23,TPST,32,PENDING_PIT_MATCH,,,,
23,TPST,33,PENDING_PIT_MATCH,,,,
23,TPST,34,PENDING_PIT_MATCH,,,,
23,TPST,35,PENDING_PIT_MATCH,,,,
23,TPST,36,PENDING_PIT_MATCH,,,,
23,TPST,37,PENDING_PIT_MATCH,,,,
23,TPST,38,PENDING_PIT_MATCH,,,,
23,TPST,39,PENDING_PIT_MATCH,,,,
23,TPST,40,PENDING_PIT_MATCH,,,,
23,TPST,41,PENDING_PIT_MATCH,,,,
23,TPST,42,PENDING_PIT_MATCH,,,,
23,TPST,43,PENDING_PIT_MATCH,,,,
23,TPST,44,PENDING_PIT_MATCH,,,,
23,TPST,45,PENDING_PIT_MATCH,,,,
23,TPST,46,PENDING_PIT_MATCH,,,,
23,TPST,47,PENDING_PIT_MATCH,,,,
23,TPST,48,PENDING_PIT_MATCH,,,,
23,TPST,49,PENDING_PIT_MATCH,,,,
23,TPST,50,PENDING_PIT_MATCH,,,,
24,VVOS,1,PENDING_PIT_MATCH,,,,
24,VVOS,2,PENDING_PIT_MATCH,,,,
24,VVOS,3,PENDING_PIT_MATCH,,,,
24,VVOS,4,PENDING_PIT_MATCH,,,,
24,VVOS,5,PENDING_PIT_MATCH,,,,
24,VVOS,6,PENDING_PIT_MATCH,,,,
24,VVOS,7,PENDING_PIT_MATCH,,,,
24,VVOS,8,PENDING_PIT_MATCH,,,,
24,VVOS,9,PENDING_PIT_MATCH,,,,
24,VVOS,10,PENDING_PIT_MATCH,,,,
24,VVOS,11,PENDING_PIT_MATCH,,,,
24,VVOS,12,PENDING_PIT_MATCH,,,,
24,VVOS,13,PENDING_PIT_MATCH,,,,
24,VVOS,14,PENDING_PIT_MATCH,,,,
24,VVOS,15,PENDING_PIT_MATCH,,,,
24,VVOS,16,PENDING_PIT_MATCH,,,,
24,VVOS,17,PENDING_PIT_MATCH,,,,
24,VVOS,18,PENDING_PIT_MATCH,,,,
24,VVOS,19,PENDING_PIT_MATCH,,,,
24,VVOS,20,PENDING_PIT_MATCH,,,,
24,VVOS,21,PENDING_PIT_MATCH,,,,
24,VVOS,22,PENDING_PIT_MATCH,,,,
24,VVOS,23,PENDING_PIT_MATCH,,,,
24,VVOS,24,PENDING_PIT_MATCH,,,,
24,VVOS,25,PENDING_PIT_MATCH,,,,
24,VVOS,26,PENDING_PIT_MATCH,,,,
24,VVOS,27,PENDING_PIT_MATCH,,,,
24,VVOS,28,PENDING_PIT_MATCH,,,,
24,VVOS,29,PENDING_PIT_MATCH,,,,
24,VVOS,30,PENDING_PIT_MATCH,,,,
24,VVOS,31,PENDING_PIT_MATCH,,,,
24,VVOS,32,PENDING_PIT_MATCH,,,,
24,VVOS,33,PENDING_PIT_MATCH,,,,
24,VVOS,34,PENDING_PIT_MATCH,,,,
24,VVOS,35,PENDING_PIT_MATCH,,,,
24,VVOS,36,PENDING_PIT_MATCH,,,,
24,VVOS,37,PENDING_PIT_MATCH,,,,
24,VVOS,38,PENDING_PIT_MATCH,,,,
24,VVOS,39,PENDING_PIT_MATCH,,,,
24,VVOS,40,PENDING_PIT_MATCH,,,,
24,VVOS,41,PENDING_PIT_MATCH,,,,
24,VVOS,42,PENDING_PIT_MATCH,,,,
24,VVOS,43,PENDING_PIT_MATCH,,,,
24,VVOS,44,PENDING_PIT_MATCH,,,,
24,VVOS,45,PENDING_PIT_MATCH,,,,
24,VVOS,46,PENDING_PIT_MATCH,,,,
24,VVOS,47,PENDING_PIT_MATCH,,,,
24,VVOS,48,PENDING_PIT_MATCH,,,,
24,VVOS,49,PENDING_PIT_MATCH,,,,
24,VVOS,50,PENDING_PIT_MATCH,,,,
25,HOLO,1,PENDING_PIT_MATCH,,,,
25,HOLO,2,PENDING_PIT_MATCH,,,,
25,HOLO,3,PENDING_PIT_MATCH,,,,
25,HOLO,4,PENDING_PIT_MATCH,,,,
25,HOLO,5,PENDING_PIT_MATCH,,,,
25,HOLO,6,PENDING_PIT_MATCH,,,,
25,HOLO,7,PENDING_PIT_MATCH,,,,
25,HOLO,8,PENDING_PIT_MATCH,,,,
25,HOLO,9,PENDING_PIT_MATCH,,,,
25,HOLO,10,PENDING_PIT_MATCH,,,,
25,HOLO,11,PENDING_PIT_MATCH,,,,
25,HOLO,12,PENDING_PIT_MATCH,,,,
25,HOLO,13,PENDING_PIT_MATCH,,,,
25,HOLO,14,PENDING_PIT_MATCH,,,,
25,HOLO,15,PENDING_PIT_MATCH,,,,
25,HOLO,16,PENDING_PIT_MATCH,,,,
25,HOLO,17,PENDING_PIT_MATCH,,,,
25,HOLO,18,PENDING_PIT_MATCH,,,,
25,HOLO,19,PENDING_PIT_MATCH,,,,
25,HOLO,20,PENDING_PIT_MATCH,,,,
25,HOLO,21,PENDING_PIT_MATCH,,,,
25,HOLO,22,PENDING_PIT_MATCH,,,,
25,HOLO,23,PENDING_PIT_MATCH,,,,
25,HOLO,24,PENDING_PIT_MATCH,,,,
25,HOLO,25,PENDING_PIT_MATCH,,,,
25,HOLO,26,PENDING_PIT_MATCH,,,,
25,HOLO,27,PENDING_PIT_MATCH,,,,
25,HOLO,28,PENDING_PIT_MATCH,,,,
25,HOLO,29,PENDING_PIT_MATCH,,,,
25,HOLO,30,PENDING_PIT_MATCH,,,,
25,HOLO,31,PENDING_PIT_MATCH,,,,
25,HOLO,32,PENDING_PIT_MATCH,,,,
25,HOLO,33,PENDING_PIT_MATCH,,,,
25,HOLO,34,PENDING_PIT_MATCH,,,,
25,HOLO,35,PENDING_PIT_MATCH,,,,
25,HOLO,36,PENDING_PIT_MATCH,,,,
25,HOLO,37,PENDING_PIT_MATCH,,,,
25,HOLO,38,PENDING_PIT_MATCH,,,,
25,HOLO,39,PENDING_PIT_MATCH,,,,
25,HOLO,40,PENDING_PIT_MATCH,,,,
25,HOLO,41,PENDING_PIT_MATCH,,,,
25,HOLO,42,PENDING_PIT_MATCH,,,,
25,HOLO,43,PENDING_PIT_MATCH,,,,
25,HOLO,44,PENDING_PIT_MATCH,,,,
25,HOLO,45,PENDING_PIT_MATCH,,,,
25,HOLO,46,PENDING_PIT_MATCH,,,,
25,HOLO,47,PENDING_PIT_MATCH,,,,
25,HOLO,48,PENDING_PIT_MATCH,,,,
25,HOLO,49,PENDING_PIT_MATCH,,,,
25,HOLO,50,PENDING_PIT_MATCH,,,,
26,FFIE,1,PENDING_PIT_MATCH,,,,
26,FFIE,2,PENDING_PIT_MATCH,,,,
26,FFIE,3,PENDING_PIT_MATCH,,,,
26,FFIE,4,PENDING_PIT_MATCH,,,,
26,FFIE,5,PENDING_PIT_MATCH,,,,
26,FFIE,6,PENDING_PIT_MATCH,,,,
26,FFIE,7,PENDING_PIT_MATCH,,,,
26,FFIE,8,PENDING_PIT_MATCH,,,,
26,FFIE,9,PENDING_PIT_MATCH,,,,
26,FFIE,10,PENDING_PIT_MATCH,,,,
26,FFIE,11,PENDING_PIT_MATCH,,,,
26,FFIE,12,PENDING_PIT_MATCH,,,,
26,FFIE,13,PENDING_PIT_MATCH,,,,
26,FFIE,14,PENDING_PIT_MATCH,,,,
26,FFIE,15,PENDING_PIT_MATCH,,,,
26,FFIE,16,PENDING_PIT_MATCH,,,,
26,FFIE,17,PENDING_PIT_MATCH,,,,
26,FFIE,18,PENDING_PIT_MATCH,,,,
26,FFIE,19,PENDING_PIT_MATCH,,,,
26,FFIE,20,PENDING_PIT_MATCH,,,,
26,FFIE,21,PENDING_PIT_MATCH,,,,
26,FFIE,22,PENDING_PIT_MATCH,,,,
26,FFIE,23,PENDING_PIT_MATCH,,,,
26,FFIE,24,PENDING_PIT_MATCH,,,,
26,FFIE,25,PENDING_PIT_MATCH,,,,
26,FFIE,26,PENDING_PIT_MATCH,,,,
26,FFIE,27,PENDING_PIT_MATCH,,,,
26,FFIE,28,PENDING_PIT_MATCH,,,,
26,FFIE,29,PENDING_PIT_MATCH,,,,
26,FFIE,30,PENDING_PIT_MATCH,,,,
26,FFIE,31,PENDING_PIT_MATCH,,,,
26,FFIE,32,PENDING_PIT_MATCH,,,,
26,FFIE,33,PENDING_PIT_MATCH,,,,
26,FFIE,34,PENDING_PIT_MATCH,,,,
26,FFIE,35,PENDING_PIT_MATCH,,,,
26,FFIE,36,PENDING_PIT_MATCH,,,,
26,FFIE,37,PENDING_PIT_MATCH,,,,
26,FFIE,38,PENDING_PIT_MATCH,,,,
26,FFIE,39,PENDING_PIT_MATCH,,,,
26,FFIE,40,PENDING_PIT_MATCH,,,,
26,FFIE,41,PENDING_PIT_MATCH,,,,
26,FFIE,42,PENDING_PIT_MATCH,,,,
26,FFIE,43,PENDING_PIT_MATCH,,,,
26,FFIE,44,PENDING_PIT_MATCH,,,,
26,FFIE,45,PENDING_PIT_MATCH,,,,
26,FFIE,46,PENDING_PIT_MATCH,,,,
26,FFIE,47,PENDING_PIT_MATCH,,,,
26,FFIE,48,PENDING_PIT_MATCH,,,,
26,FFIE,49,PENDING_PIT_MATCH,,,,
26,FFIE,50,PENDING_PIT_MATCH,,,,
27,NUKK,1,PENDING_PIT_MATCH,,,,
27,NUKK,2,PENDING_PIT_MATCH,,,,
27,NUKK,3,PENDING_PIT_MATCH,,,,
27,NUKK,4,PENDING_PIT_MATCH,,,,
27,NUKK,5,PENDING_PIT_MATCH,,,,
27,NUKK,6,PENDING_PIT_MATCH,,,,
27,NUKK,7,PENDING_PIT_MATCH,,,,
27,NUKK,8,PENDING_PIT_MATCH,,,,
27,NUKK,9,PENDING_PIT_MATCH,,,,
27,NUKK,10,PENDING_PIT_MATCH,,,,
27,NUKK,11,PENDING_PIT_MATCH,,,,
27,NUKK,12,PENDING_PIT_MATCH,,,,
27,NUKK,13,PENDING_PIT_MATCH,,,,
27,NUKK,14,PENDING_PIT_MATCH,,,,
27,NUKK,15,PENDING_PIT_MATCH,,,,
27,NUKK,16,PENDING_PIT_MATCH,,,,
27,NUKK,17,PENDING_PIT_MATCH,,,,
27,NUKK,18,PENDING_PIT_MATCH,,,,
27,NUKK,19,PENDING_PIT_MATCH,,,,
27,NUKK,20,PENDING_PIT_MATCH,,,,
27,NUKK,21,PENDING_PIT_MATCH,,,,
27,NUKK,22,PENDING_PIT_MATCH,,,,
27,NUKK,23,PENDING_PIT_MATCH,,,,
27,NUKK,24,PENDING_PIT_MATCH,,,,
27,NUKK,25,PENDING_PIT_MATCH,,,,
27,NUKK,26,PENDING_PIT_MATCH,,,,
27,NUKK,27,PENDING_PIT_MATCH,,,,
27,NUKK,28,PENDING_PIT_MATCH,,,,
27,NUKK,29,PENDING_PIT_MATCH,,,,
27,NUKK,30,PENDING_PIT_MATCH,,,,
27,NUKK,31,PENDING_PIT_MATCH,,,,
27,NUKK,32,PENDING_PIT_MATCH,,,,
27,NUKK,33,PENDING_PIT_MATCH,,,,
27,NUKK,34,PENDING_PIT_MATCH,,,,
27,NUKK,35,PENDING_PIT_MATCH,,,,
27,NUKK,36,PENDING_PIT_MATCH,,,,
27,NUKK,37,PENDING_PIT_MATCH,,,,
27,NUKK,38,PENDING_PIT_MATCH,,,,
27,NUKK,39,PENDING_PIT_MATCH,,,,
27,NUKK,40,PENDING_PIT_MATCH,,,,
27,NUKK,41,PENDING_PIT_MATCH,,,,
27,NUKK,42,PENDING_PIT_MATCH,,,,
27,NUKK,43,PENDING_PIT_MATCH,,,,
27,NUKK,44,PENDING_PIT_MATCH,,,,
27,NUKK,45,PENDING_PIT_MATCH,,,,
27,NUKK,46,PENDING_PIT_MATCH,,,,
27,NUKK,47,PENDING_PIT_MATCH,,,,
27,NUKK,48,PENDING_PIT_MATCH,,,,
27,NUKK,49,PENDING_PIT_MATCH,,,,
27,NUKK,50,PENDING_PIT_MATCH,,,,
28,SBET,1,PENDING_PIT_MATCH,,,,
28,SBET,2,PENDING_PIT_MATCH,,,,
28,SBET,3,PENDING_PIT_MATCH,,,,
28,SBET,4,PENDING_PIT_MATCH,,,,
28,SBET,5,PENDING_PIT_MATCH,,,,
28,SBET,6,PENDING_PIT_MATCH,,,,
28,SBET,7,PENDING_PIT_MATCH,,,,
28,SBET,8,PENDING_PIT_MATCH,,,,
28,SBET,9,PENDING_PIT_MATCH,,,,
28,SBET,10,PENDING_PIT_MATCH,,,,
28,SBET,11,PENDING_PIT_MATCH,,,,
28,SBET,12,PENDING_PIT_MATCH,,,,
28,SBET,13,PENDING_PIT_MATCH,,,,
28,SBET,14,PENDING_PIT_MATCH,,,,
28,SBET,15,PENDING_PIT_MATCH,,,,
28,SBET,16,PENDING_PIT_MATCH,,,,
28,SBET,17,PENDING_PIT_MATCH,,,,
28,SBET,18,PENDING_PIT_MATCH,,,,
28,SBET,19,PENDING_PIT_MATCH,,,,
28,SBET,20,PENDING_PIT_MATCH,,,,
28,SBET,21,PENDING_PIT_MATCH,,,,
28,SBET,22,PENDING_PIT_MATCH,,,,
28,SBET,23,PENDING_PIT_MATCH,,,,
28,SBET,24,PENDING_PIT_MATCH,,,,
28,SBET,25,PENDING_PIT_MATCH,,,,
28,SBET,26,PENDING_PIT_MATCH,,,,
28,SBET,27,PENDING_PIT_MATCH,,,,
28,SBET,28,PENDING_PIT_MATCH,,,,
28,SBET,29,PENDING_PIT_MATCH,,,,
28,SBET,30,PENDING_PIT_MATCH,,,,
28,SBET,31,PENDING_PIT_MATCH,,,,
28,SBET,32,PENDING_PIT_MATCH,,,,
28,SBET,33,PENDING_PIT_MATCH,,,,
28,SBET,34,PENDING_PIT_MATCH,,,,
28,SBET,35,PENDING_PIT_MATCH,,,,
28,SBET,36,PENDING_PIT_MATCH,,,,
28,SBET,37,PENDING_PIT_MATCH,,,,
28,SBET,38,PENDING_PIT_MATCH,,,,
28,SBET,39,PENDING_PIT_MATCH,,,,
28,SBET,40,PENDING_PIT_MATCH,,,,
28,SBET,41,PENDING_PIT_MATCH,,,,
28,SBET,42,PENDING_PIT_MATCH,,,,
28,SBET,43,PENDING_PIT_MATCH,,,,
28,SBET,44,PENDING_PIT_MATCH,,,,
28,SBET,45,PENDING_PIT_MATCH,,,,
28,SBET,46,PENDING_PIT_MATCH,,,,
28,SBET,47,PENDING_PIT_MATCH,,,,
28,SBET,48,PENDING_PIT_MATCH,,,,
28,SBET,49,PENDING_PIT_MATCH,,,,
28,SBET,50,PENDING_PIT_MATCH,,,,
29,QMMM,1,PENDING_PIT_MATCH,,,,
29,QMMM,2,PENDING_PIT_MATCH,,,,
29,QMMM,3,PENDING_PIT_MATCH,,,,
29,QMMM,4,PENDING_PIT_MATCH,,,,
29,QMMM,5,PENDING_PIT_MATCH,,,,
29,QMMM,6,PENDING_PIT_MATCH,,,,
29,QMMM,7,PENDING_PIT_MATCH,,,,
29,QMMM,8,PENDING_PIT_MATCH,,,,
29,QMMM,9,PENDING_PIT_MATCH,,,,
29,QMMM,10,PENDING_PIT_MATCH,,,,
29,QMMM,11,PENDING_PIT_MATCH,,,,
29,QMMM,12,PENDING_PIT_MATCH,,,,
29,QMMM,13,PENDING_PIT_MATCH,,,,
29,QMMM,14,PENDING_PIT_MATCH,,,,
29,QMMM,15,PENDING_PIT_MATCH,,,,
29,QMMM,16,PENDING_PIT_MATCH,,,,
29,QMMM,17,PENDING_PIT_MATCH,,,,
29,QMMM,18,PENDING_PIT_MATCH,,,,
29,QMMM,19,PENDING_PIT_MATCH,,,,
29,QMMM,20,PENDING_PIT_MATCH,,,,
29,QMMM,21,PENDING_PIT_MATCH,,,,
29,QMMM,22,PENDING_PIT_MATCH,,,,
29,QMMM,23,PENDING_PIT_MATCH,,,,
29,QMMM,24,PENDING_PIT_MATCH,,,,
29,QMMM,25,PENDING_PIT_MATCH,,,,
29,QMMM,26,PENDING_PIT_MATCH,,,,
29,QMMM,27,PENDING_PIT_MATCH,,,,
29,QMMM,28,PENDING_PIT_MATCH,,,,
29,QMMM,29,PENDING_PIT_MATCH,,,,
29,QMMM,30,PENDING_PIT_MATCH,,,,
29,QMMM,31,PENDING_PIT_MATCH,,,,
29,QMMM,32,PENDING_PIT_MATCH,,,,
29,QMMM,33,PENDING_PIT_MATCH,,,,
29,QMMM,34,PENDING_PIT_MATCH,,,,
29,QMMM,35,PENDING_PIT_MATCH,,,,
29,QMMM,36,PENDING_PIT_MATCH,,,,
29,QMMM,37,PENDING_PIT_MATCH,,,,
29,QMMM,38,PENDING_PIT_MATCH,,,,
29,QMMM,39,PENDING_PIT_MATCH,,,,
29,QMMM,40,PENDING_PIT_MATCH,,,,
29,QMMM,41,PENDING_PIT_MATCH,,,,
29,QMMM,42,PENDING_PIT_MATCH,,,,
29,QMMM,43,PENDING_PIT_MATCH,,,,
29,QMMM,44,PENDING_PIT_MATCH,,,,
29,QMMM,45,PENDING_PIT_MATCH,,,,
29,QMMM,46,PENDING_PIT_MATCH,,,,
29,QMMM,47,PENDING_PIT_MATCH,,,,
29,QMMM,48,PENDING_PIT_MATCH,,,,
29,QMMM,49,PENDING_PIT_MATCH,,,,
29,QMMM,50,PENDING_PIT_MATCH,,,,
30,OCTO,1,PENDING_PIT_MATCH,,,,
30,OCTO,2,PENDING_PIT_MATCH,,,,
30,OCTO,3,PENDING_PIT_MATCH,,,,
30,OCTO,4,PENDING_PIT_MATCH,,,,
30,OCTO,5,PENDING_PIT_MATCH,,,,
30,OCTO,6,PENDING_PIT_MATCH,,,,
30,OCTO,7,PENDING_PIT_MATCH,,,,
30,OCTO,8,PENDING_PIT_MATCH,,,,
30,OCTO,9,PENDING_PIT_MATCH,,,,
30,OCTO,10,PENDING_PIT_MATCH,,,,
30,OCTO,11,PENDING_PIT_MATCH,,,,
30,OCTO,12,PENDING_PIT_MATCH,,,,
30,OCTO,13,PENDING_PIT_MATCH,,,,
30,OCTO,14,PENDING_PIT_MATCH,,,,
30,OCTO,15,PENDING_PIT_MATCH,,,,
30,OCTO,16,PENDING_PIT_MATCH,,,,
30,OCTO,17,PENDING_PIT_MATCH,,,,
30,OCTO,18,PENDING_PIT_MATCH,,,,
30,OCTO,19,PENDING_PIT_MATCH,,,,
30,OCTO,20,PENDING_PIT_MATCH,,,,
30,OCTO,21,PENDING_PIT_MATCH,,,,
30,OCTO,22,PENDING_PIT_MATCH,,,,
30,OCTO,23,PENDING_PIT_MATCH,,,,
30,OCTO,24,PENDING_PIT_MATCH,,,,
30,OCTO,25,PENDING_PIT_MATCH,,,,
30,OCTO,26,PENDING_PIT_MATCH,,,,
30,OCTO,27,PENDING_PIT_MATCH,,,,
30,OCTO,28,PENDING_PIT_MATCH,,,,
30,OCTO,29,PENDING_PIT_MATCH,,,,
30,OCTO,30,PENDING_PIT_MATCH,,,,
30,OCTO,31,PENDING_PIT_MATCH,,,,
30,OCTO,32,PENDING_PIT_MATCH,,,,
30,OCTO,33,PENDING_PIT_MATCH,,,,
30,OCTO,34,PENDING_PIT_MATCH,,,,
30,OCTO,35,PENDING_PIT_MATCH,,,,
30,OCTO,36,PENDING_PIT_MATCH,,,,
30,OCTO,37,PENDING_PIT_MATCH,,,,
30,OCTO,38,PENDING_PIT_MATCH,,,,
30,OCTO,39,PENDING_PIT_MATCH,,,,
30,OCTO,40,PENDING_PIT_MATCH,,,,
30,OCTO,41,PENDING_PIT_MATCH,,,,
30,OCTO,42,PENDING_PIT_MATCH,,,,
30,OCTO,43,PENDING_PIT_MATCH,,,,
30,OCTO,44,PENDING_PIT_MATCH,,,,
30,OCTO,45,PENDING_PIT_MATCH,,,,
30,OCTO,46,PENDING_PIT_MATCH,,,,
30,OCTO,47,PENDING_PIT_MATCH,,,,
30,OCTO,48,PENDING_PIT_MATCH,,,,
30,OCTO,49,PENDING_PIT_MATCH,,,,
30,OCTO,50,PENDING_PIT_MATCH,,,,
31,BYND,1,PENDING_PIT_MATCH,,,,
31,BYND,2,PENDING_PIT_MATCH,,,,
31,BYND,3,PENDING_PIT_MATCH,,,,
31,BYND,4,PENDING_PIT_MATCH,,,,
31,BYND,5,PENDING_PIT_MATCH,,,,
31,BYND,6,PENDING_PIT_MATCH,,,,
31,BYND,7,PENDING_PIT_MATCH,,,,
31,BYND,8,PENDING_PIT_MATCH,,,,
31,BYND,9,PENDING_PIT_MATCH,,,,
31,BYND,10,PENDING_PIT_MATCH,,,,
31,BYND,11,PENDING_PIT_MATCH,,,,
31,BYND,12,PENDING_PIT_MATCH,,,,
31,BYND,13,PENDING_PIT_MATCH,,,,
31,BYND,14,PENDING_PIT_MATCH,,,,
31,BYND,15,PENDING_PIT_MATCH,,,,
31,BYND,16,PENDING_PIT_MATCH,,,,
31,BYND,17,PENDING_PIT_MATCH,,,,
31,BYND,18,PENDING_PIT_MATCH,,,,
31,BYND,19,PENDING_PIT_MATCH,,,,
31,BYND,20,PENDING_PIT_MATCH,,,,
31,BYND,21,PENDING_PIT_MATCH,,,,
31,BYND,22,PENDING_PIT_MATCH,,,,
31,BYND,23,PENDING_PIT_MATCH,,,,
31,BYND,24,PENDING_PIT_MATCH,,,,
31,BYND,25,PENDING_PIT_MATCH,,,,
31,BYND,26,PENDING_PIT_MATCH,,,,
31,BYND,27,PENDING_PIT_MATCH,,,,
31,BYND,28,PENDING_PIT_MATCH,,,,
31,BYND,29,PENDING_PIT_MATCH,,,,
31,BYND,30,PENDING_PIT_MATCH,,,,
31,BYND,31,PENDING_PIT_MATCH,,,,
31,BYND,32,PENDING_PIT_MATCH,,,,
31,BYND,33,PENDING_PIT_MATCH,,,,
31,BYND,34,PENDING_PIT_MATCH,,,,
31,BYND,35,PENDING_PIT_MATCH,,,,
31,BYND,36,PENDING_PIT_MATCH,,,,
31,BYND,37,PENDING_PIT_MATCH,,,,
31,BYND,38,PENDING_PIT_MATCH,,,,
31,BYND,39,PENDING_PIT_MATCH,,,,
31,BYND,40,PENDING_PIT_MATCH,,,,
31,BYND,41,PENDING_PIT_MATCH,,,,
31,BYND,42,PENDING_PIT_MATCH,,,,
31,BYND,43,PENDING_PIT_MATCH,,,,
31,BYND,44,PENDING_PIT_MATCH,,,,
31,BYND,45,PENDING_PIT_MATCH,,,,
31,BYND,46,PENDING_PIT_MATCH,,,,
31,BYND,47,PENDING_PIT_MATCH,,,,
31,BYND,48,PENDING_PIT_MATCH,,,,
31,BYND,49,PENDING_PIT_MATCH,,,,
31,BYND,50,PENDING_PIT_MATCH,,,,
